ORGAO_PARTICIPANTE;ORGAO_GESTOR;PERC_PRESENCA;TOTAL_PROPOSTAS;GASTO_GABINETE;cluster
0.06666666666666667;0.0;0.968;0.020618556701030927;0.6589870429932715;1
0.0;0.0;0.012;0.005154639175257732;0.0897570830163456;3
0.5333333333333333;0.5;0.972;0.061855670103092786;0.7441993986110014;4
0.13333333333333333;0.0;0.924;0.14948453608247422;0.5177167100938608;2
0.26666666666666666;0.16666666666666666;0.9640000000000001;0.17525773195876287;0.49097355216744687;2
0.13333333333333333;0.16666666666666666;0.9079999999999999;0.25773195876288657;0.6352077903371927;0
0.26666666666666666;0.0;0.92;0.12371134020618557;0.6864846557124629;1
0.13333333333333333;0.0;0.9;0.04639175257731959;0.9379567360456482;1
0.06666666666666667;0.3333333333333333;0.872;0.030927835051546393;0.5467620888417658;0
0.26666666666666666;0.16666666666666666;0.9359999999999999;0.05154639175257732;0.7260386634264736;0
0.2;0.16666666666666666;0.9440000000000001;0.4896907216494845;0.705837918104585;0
0.2;0.16666666666666666;0.9079999999999999;0.15979381443298968;0.6323321440324449;0
0.26666666666666666;0.0;0.912;0.10824742268041238;0.864942631906727;1
0.3333333333333333;0.3333333333333333;0.672;0.19072164948453607;0.7412289196179247;0
0.0;0.0;0.10800000000000001;0.0;0.05654545221892557;3
0.26666666666666666;0.0;0.892;0.17525773195876287;0.7659976171485459;0
0.06666666666666667;0.16666666666666666;0.8320000000000001;0.061855670103092786;0.5273577365545339;0
0.06666666666666667;0.16666666666666666;0.924;0.10824742268041238;0.7133795600016373;0
0.3333333333333333;0.0;0.764;0.06701030927835051;0.7776747751329826;1
0.13333333333333333;0.16666666666666666;0.956;0.1134020618556701;0.7029388126324028;0
0.2;0.0;0.816;0.005154639175257732;0.6603960109009903;1
0.2;0.0;0.956;0.09278350515463918;0.49658916360826244;2
0.26666666666666666;0.16666666666666666;0.988;0.17525773195876287;0.523679182081715;2
0.06666666666666667;0.3333333333333333;0.9279999999999999;0.18556701030927836;0.7486594995824459;0
0.3333333333333333;0.16666666666666666;0.9440000000000001;0.06701030927835051;0.31105247152523513;2
0.26666666666666666;0.0;0.956;0.07731958762886598;0.6436483683129581;1
0.2;0.16666666666666666;0.9440000000000001;0.07731958762886598;0.4185572935442108;2
0.3333333333333333;0.16666666666666666;0.892;0.05670103092783505;0.7358699528749623;0
0.4;0.16666666666666666;0.988;0.03608247422680412;0.19496696100852046;2
0.13333333333333333;0.16666666666666666;0.9359999999999999;0.07216494845360824;0.8044251981362205;0
0.0;0.0;0.9359999999999999;0.0;0.679022179717095;1
0.26666666666666666;0.3333333333333333;0.8959999999999999;0.14948453608247422;0.7298673589144345;0
0.3333333333333333;0.16666666666666666;0.92;0.4175257731958763;0.7316162035211407;0
0.0;0.16666666666666666;0.912;0.14948453608247422;0.8049938544480767;0
0.2;0.16666666666666666;0.84;0.14432989690721648;0.836967035721632;0
0.4666666666666667;0.5;0.884;0.14432989690721648;0.5890722440645847;4
0.4;0.3333333333333333;0.912;0.1134020618556701;0.6227250173576746;0
0.2;0.16666666666666666;0.836;0.09278350515463918;0.7077054061030287;0
0.13333333333333333;0.16666666666666666;0.872;0.07731958762886598;0.47161313015928863;0
0.0;0.0;0.736;0.08762886597938144;0.7388357798752966;1
0.13333333333333333;0.3333333333333333;0.968;0.08762886597938144;0.3896011580626208;2
0.6;0.8333333333333333;0.9;0.2268041237113402;0.2692360134264245;4
0.06666666666666667;0.0;0.88;0.07216494845360824;0.594880590962912;2
0.0;0.0;0.9440000000000001;0.030927835051546393;0.5666430418867315;2
0.2;0.0;0.9279999999999999;0.05670103092783505;0.8079600447022506;1
0.4;0.5;0.9440000000000001;0.21649484536082475;0.7578541573792811;4
0.7333333333333333;0.5;0.9079999999999999;0.36597938144329895;0.0;4
0.06666666666666667;0.0;0.772;0.24742268041237114;0.7166986103501679;1
0.0;0.0;0.68;0.07216494845360824;0.704677544720884;1
0.4;0.0;0.888;0.020618556701030927;0.6311903434661159;0
0.2;0.16666666666666666;0.9;0.041237113402061855;0.630724722348685;0
0.13333333333333333;0.0;0.9640000000000001;0.12371134020618557;0.5988425888927846;2
0.4;1.0;0.9520000000000001;0.22164948453608246;0.5934266850396545;4
0.3333333333333333;0.16666666666666666;0.9840000000000001;0.10309278350515463;0.6797033158232478;0
0.06666666666666667;0.0;0.8759999999999999;0.030927835051546393;0.8752591816158113;1
0.13333333333333333;0.0;0.8759999999999999;0.10309278350515463;0.6648083029797637;1
0.06666666666666667;0.0;0.968;0.02577319587628866;0.7191843563866069;1
0.13333333333333333;0.16666666666666666;0.92;0.05670103092783505;0.6575031158977086;0
0.0;0.0;0.06;0.0;0.003197723565514097;3
0.13333333333333333;0.0;0.98;0.05670103092783505;0.5064143714843763;2
0.13333333333333333;0.16666666666666666;0.792;0.041237113402061855;0.5604291748049214;0
0.26666666666666666;0.3333333333333333;0.8759999999999999;0.21649484536082475;0.6913381723119664;0
0.2;0.0;0.9440000000000001;0.10824742268041238;0.4485304577565544;2
0.4666666666666667;0.16666666666666666;0.94;0.13402061855670103;0.7154358579725295;0
0.5333333333333333;0.5;0.956;0.22164948453608246;0.5528312168445912;4
0.5333333333333333;0.5;0.9079999999999999;0.08762886597938144;0.5908369312259238;4
0.3333333333333333;0.0;0.9840000000000001;0.2422680412371134;0.6692659666351132;0
0.26666666666666666;0.0;0.968;0.26804123711340205;0.613235081059277;0
0.13333333333333333;0.16666666666666666;0.8640000000000001;0.0979381443298969;0.8403779307026954;0
0.13333333333333333;0.0;0.912;0.03608247422680412;0.5916955344103809;2
0.26666666666666666;0.0;0.956;0.14432989690721648;0.7014479719959886;1
0.13333333333333333;0.0;0.644;0.010309278350515464;0.8061889127146944;1
0.0;0.0;0.812;0.015463917525773196;0.8869324609866542;1
0.0;0.0;0.98;0.061855670103092786;0.5488947404265393;2
0.26666666666666666;0.16666666666666666;0.924;0.10824742268041238;0.39096466065083857;2
0.26666666666666666;0.3333333333333333;0.8959999999999999;0.11855670103092783;0.6413251256401312;0
0.2;0.16666666666666666;0.972;0.08247422680412371;0.6529631459526284;0
0.2;0.0;0.664;0.08762886597938144;0.505316407454194;1
0.06666666666666667;0.0;0.912;0.06701030927835051;0.5677384865757539;2
0.06666666666666667;0.0;0.856;0.04639175257731959;0.7814406042706523;1
0.06666666666666667;0.16666666666666666;0.972;0.1958762886597938;0.4059451436078376;2
0.0;0.0;0.0;0.0;0.04487428206393616;3
0.4;0.3333333333333333;0.996;0.18041237113402062;0.4355959962020995;2
0.3333333333333333;0.0;0.968;0.25773195876288657;0.7793202915986231;0
1.0;0.0;0.996;0.07731958762886598;0.3833352285028376;0
0.0;0.0;0.04;0.03608247422680412;0.09598326557516468;3
0.13333333333333333;0.0;0.9520000000000001;0.07731958762886598;0.945316458075373;1
0.26666666666666666;0.16666666666666666;0.888;0.13917525773195877;0.6428888396842686;0
0.6;0.3333333333333333;0.9079999999999999;0.10309278350515463;0.7783474275042589;0
0.13333333333333333;0.16666666666666666;0.9640000000000001;0.03608247422680412;0.27127036383457953;2
0.2;0.0;0.988;0.10824742268041238;0.12323405316808204;2
0.13333333333333333;0.3333333333333333;0.8440000000000001;0.07216494845360824;0.7238975632604214;0
0.13333333333333333;0.3333333333333333;0.84;0.14948453608247422;0.845524979841756;0
0.26666666666666666;0.16666666666666666;0.94;0.05670103092783505;0.7191287668310138;0
0.8666666666666667;0.6666666666666666;0.9159999999999999;0.17010309278350516;0.7740482245488064;4
0.2;0.5;0.924;0.21649484536082475;0.8946517340121317;0
0.2;0.0;0.9159999999999999;0.19072164948453607;0.7683488772386252;0
0.06666666666666667;0.16666666666666666;0.7759999999999999;0.05670103092783505;0.390452062609214;2
0.2;0.0;0.94;0.06701030927835051;0.6412703211815564;1
0.26666666666666666;0.5;0.9840000000000001;0.36597938144329895;0.44480052044198176;2
0.3333333333333333;0.0;0.94;0.09278350515463918;0.41499262500959205;2
0.13333333333333333;0.0;0.9640000000000001;0.020618556701030927;0.7355046484070757;1
0.06666666666666667;0.16666666666666666;0.94;0.06701030927835051;0.7658913009516833;0
0.26666666666666666;0.16666666666666666;0.88;0.10309278350515463;0.7315713358128014;0
0.4666666666666667;0.5;0.956;0.041237113402061855;0.37473582657333676;4
0.26666666666666666;0.5;0.992;0.16494845360824742;0.6819919907918195;4
0.26666666666666666;0.16666666666666666;0.804;0.03608247422680412;0.586594091205213;0
0.06666666666666667;0.0;0.9159999999999999;0.005154639175257732;0.6851592596239892;1
0.06666666666666667;0.0;0.9520000000000001;0.08247422680412371;0.7505405803052771;1
0.13333333333333333;0.16666666666666666;0.9520000000000001;0.07216494845360824;0.21723872194080873;2
0.0;0.0;0.924;0.005154639175257732;0.9232803082717397;1
0.13333333333333333;0.16666666666666666;0.8240000000000001;0.03608247422680412;0.6279248203287908;0
0.26666666666666666;0.0;0.8240000000000001;0.12886597938144329;0.5052195827286723;2
0.0;0.0;0.616;0.02577319587628866;0.4479919046420708;1
0.13333333333333333;0.16666666666666666;0.848;0.05670103092783505;0.687733065422298;0
0.26666666666666666;0.5;0.968;0.061855670103092786;0.6276567741474621;4
0.0;0.0;0.94;0.015463917525773196;0.7420400185742213;1
0.4;0.16666666666666666;0.924;0.12886597938144329;0.7507673678809461;0
0.13333333333333333;0.16666666666666666;0.8440000000000001;0.05154639175257732;0.8181602008498448;0
0.13333333333333333;0.16666666666666666;0.9359999999999999;0.15463917525773196;0.7539981826996202;0
0.3333333333333333;0.3333333333333333;0.884;0.061855670103092786;0.41707685837267167;2
0.06666666666666667;0.0;0.8240000000000001;0.09278350515463918;0.7970957667897236;1
0.5333333333333333;0.0;0.992;0.16494845360824742;0.8133998412838505;0
0.2;0.16666666666666666;0.9159999999999999;0.20618556701030927;0.6297906209545541;0
0.06666666666666667;0.16666666666666666;0.9279999999999999;0.3402061855670103;0.9205933664786453;0
0.4;0.0;0.992;0.39690721649484534;0.6938314646540168;0
0.06666666666666667;0.0;0.852;0.020618556701030927;0.8885748604999791;1
0.2;0.0;0.94;0.41237113402061853;0.6510101409692083;0
0.13333333333333333;0.0;0.7120000000000001;0.3917525773195876;0.6405412824397972;0
0.6;0.3333333333333333;0.956;0.0979381443298969;0.036881256256461555;2
0.2;0.0;0.9;0.22164948453608246;0.6587324606398053;0
0.2;0.0;0.752;0.010309278350515464;0.7040489866788018;1
0.4;0.0;0.904;0.13917525773195877;0.5173797159898675;2
0.3333333333333333;0.16666666666666666;0.9359999999999999;0.06701030927835051;0.7196767996989712;0
0.06666666666666667;0.16666666666666666;0.92;0.05670103092783505;0.6058604304684572;0
0.26666666666666666;0.16666666666666666;0.784;0.22164948453608246;0.6932591758037496;0
0.13333333333333333;0.0;0.9359999999999999;0.02577319587628866;0.7836107178725533;1
0.4;0.5;0.8959999999999999;0.020618556701030927;0.6873210301053988;4
0.13333333333333333;0.0;0.92;0.4381443298969072;0.7248482688704668;0
0.2;0.16666666666666666;0.8640000000000001;0.015463917525773196;0.47699377495407425;0
0.4666666666666667;0.16666666666666666;0.924;0.1134020618556701;0.7112497910118619;0
0.13333333333333333;0.3333333333333333;0.968;0.07216494845360824;0.9848445458701255;0
0.13333333333333333;0.0;0.76;0.07731958762886598;0.6182061278532597;1
0.2;0.0;0.96;0.3556701030927835;0.52265896609145;0
0.13333333333333333;0.16666666666666666;0.9079999999999999;0.03608247422680412;0.7772669816835237;0
0.13333333333333333;0.0;0.8440000000000001;0.041237113402061855;0.9760638334023204;1
0.5333333333333333;0.3333333333333333;0.976;0.18041237113402062;0.9483817580389122;0
0.0;0.0;0.932;0.07731958762886598;0.5906964574501083;2
0.4666666666666667;0.0;0.98;0.015463917525773196;0.8268409833576784;0
0.26666666666666666;0.0;0.8759999999999999;0.1134020618556701;0.5593959402656947;2
0.0;0.0;0.972;0.17010309278350516;0.7400564182430678;1
0.0;0.0;0.968;0.010309278350515464;0.8408438213310453;1
0.26666666666666666;0.16666666666666666;0.956;0.05154639175257732;0.7452966009799041;0
0.2;0.0;0.956;0.32989690721649484;0.6988326966704339;0
0.06666666666666667;0.16666666666666666;0.9;0.02577319587628866;0.8240180440135199;0
0.0;0.0;0.856;0.24742268041237114;0.8601586022517149;1
0.0;0.0;0.0;0.0;0.04409723522579839;3
0.26666666666666666;0.16666666666666666;0.92;0.3402061855670103;0.6503977652998636;0
0.3333333333333333;0.16666666666666666;0.956;0.07731958762886598;0.6979308545609898;0
0.13333333333333333;0.0;0.9359999999999999;0.4587628865979381;0.8335625035417247;0
0.3333333333333333;0.3333333333333333;0.9279999999999999;0.24742268041237114;0.6729628126965223;0
0.6;0.16666666666666666;0.924;0.22164948453608246;0.6301183227909265;0
0.13333333333333333;0.0;0.8640000000000001;0.03608247422680412;0.7713762816240006;1
0.3333333333333333;0.16666666666666666;0.86;0.18556701030927836;0.6738658265925437;0
0.06666666666666667;0.16666666666666666;0.664;0.02577319587628866;0.6116737808954998;0
0.2;0.16666666666666666;0.992;0.0979381443298969;0.4092153187379035;2
0.4666666666666667;0.0;0.968;0.05670103092783505;0.6225127364999282;0
0.3333333333333333;0.3333333333333333;0.768;0.11855670103092783;0.7501706121267816;0
0.2;0.3333333333333333;0.892;0.04639175257731959;0.7666592898795154;0
0.4;0.5;0.956;0.13917525773195877;0.7619174093879706;4
0.6;0.3333333333333333;0.9640000000000001;0.15979381443298968;0.3126287354036997;4
0.0;0.0;0.584;0.18041237113402062;0.6994734295751343;1
0.2;0.0;0.72;0.030927835051546393;0.2678308421072419;2
0.3333333333333333;0.0;0.9;0.07731958762886598;0.6313775715266727;0
0.4;0.5;0.924;0.07731958762886598;0.7271269602173301;4
0.13333333333333333;0.0;0.9159999999999999;0.03608247422680412;0.6751643418967647;1
0.3333333333333333;0.0;0.932;0.05154639175257732;0.32829106925666557;2
0.0;0.16666666666666666;0.8320000000000001;0.04639175257731959;0.657423762510169;0
0.3333333333333333;0.0;0.884;0.16494845360824742;0.5808738509402177;2
0.26666666666666666;0.0;0.8079999999999999;0.015463917525773196;0.7080174763063579;1
0.0;0.0;0.504;0.0;0.4549673158254991;1
0.2;0.0;0.884;0.03608247422680412;0.6490374265354246;1
0.26666666666666666;0.0;0.8640000000000001;0.061855670103092786;0.9186236986899824;1
0.13333333333333333;0.0;0.9359999999999999;0.010309278350515464;0.69681154057923;1
0.3333333333333333;0.16666666666666666;0.9520000000000001;0.10824742268041238;0.48479169829513996;2
0.4;0.5;0.94;0.20103092783505155;0.28685949617957757;4
0.3333333333333333;0.16666666666666666;0.9440000000000001;0.27319587628865977;0.33100118898841263;2
0.6666666666666666;0.0;0.872;0.4175257731958763;0.5787091392744759;0
0.0;0.0;0.7759999999999999;0.020618556701030927;0.4465923227448983;2
0.06666666666666667;0.16666666666666666;0.912;0.06701030927835051;0.6838794577515401;0
0.06666666666666667;0.16666666666666666;0.8959999999999999;0.3865979381443299;0.6925120095235321;0
0.13333333333333333;0.0;0.9840000000000001;0.08247422680412371;0.512280077336039;2
0.3333333333333333;0.16666666666666666;0.8959999999999999;0.11855670103092783;0.50772688963828;2
0.06666666666666667;0.0;0.92;0.05670103092783505;0.7353138463974338;1
0.2;0.0;0.868;0.07731958762886598;0.743012378800358;1
0.13333333333333333;0.0;0.9520000000000001;0.08247422680412371;0.8691386824890975;1
0.06666666666666667;0.0;0.9;0.34536082474226804;0.7344899866852241;0
0.0;0.0;0.8959999999999999;0.10824742268041238;0.6924572753721456;1
0.6;0.16666666666666666;0.9359999999999999;0.25257731958762886;0.6353811678803166;0
0.3333333333333333;0.16666666666666666;0.508;0.37628865979381443;0.5564694032695562;0
0.06666666666666667;0.16666666666666666;0.888;0.5;0.5844379218636776;0
0.26666666666666666;0.0;0.9159999999999999;0.08762886597938144;0.6967916670787456;1
0.0;0.0;0.68;0.05670103092783505;0.5241499239065232;1
0.26666666666666666;0.16666666666666666;0.8;0.05670103092783505;0.65609807347505;0
0.3333333333333333;0.0;0.9640000000000001;0.07216494845360824;0.8402690248574839;1
0.2;0.0;0.868;0.1134020618556701;0.4656694887818547;2
0.2;0.0;0.856;0.2268041237113402;0.72142926512623;0
0.06666666666666667;0.3333333333333333;0.86;0.0;0.8494108936686648;0
0.26666666666666666;0.16666666666666666;0.96;0.06701030927835051;0.7739095084528697;0
0.13333333333333333;0.16666666666666666;0.8759999999999999;0.07216494845360824;0.7601399028813902;0
0.8;0.3333333333333333;0.8959999999999999;0.18556701030927836;0.5030059138194086;4
0.06666666666666667;0.0;0.9279999999999999;0.31958762886597936;0.8809077671311333;0
0.26666666666666666;0.0;0.8959999999999999;0.08247422680412371;0.8223786677095885;1
0.3333333333333333;0.16666666666666666;0.9640000000000001;0.4845360824742268;0.20664543139393454;2
0.06666666666666667;0.0;0.956;0.08247422680412371;0.4880546200662454;2
0.2;0.16666666666666666;0.8759999999999999;0.5927835051546392;0.2545541368448946;2
0.0;0.0;0.94;0.041237113402061855;0.7431512589464159;1
0.13333333333333333;0.0;0.8640000000000001;0.09278350515463918;0.6751484407528048;1
0.06666666666666667;0.16666666666666666;0.86;0.05670103092783505;0.6014685157583967;0
0.2;0.16666666666666666;0.532;0.08247422680412371;0.4842399274279763;1
0.2;0.16666666666666666;0.84;0.07216494845360824;0.8340217384222677;0
0.13333333333333333;0.0;0.7959999999999999;0.15463917525773196;0.8604179889301787;1
0.06666666666666667;0.0;0.9840000000000001;0.041237113402061855;0.45993743690808186;2
0.06666666666666667;0.0;0.836;0.14432989690721648;0.7429694211041481;1
0.6;0.0;0.924;0.13917525773195877;0.5922171903623094;0
0.2;0.5;0.88;0.030927835051546393;0.8656341500420213;0
0.2;0.16666666666666666;0.7240000000000001;0.08247422680412371;0.15517816241646337;2
0.26666666666666666;0.0;0.68;0.05670103092783505;0.99909532216702;1
0.2;0.0;0.9159999999999999;0.041237113402061855;0.5448665599903414;1
0.13333333333333333;0.16666666666666666;0.904;0.041237113402061855;0.6718804802993847;0
0.13333333333333333;0.0;0.84;0.0979381443298969;0.6267733173695429;1
0.13333333333333333;0.16666666666666666;0.924;0.041237113402061855;0.6224673766412211;0
0.2;0.16666666666666666;0.948;0.29381443298969073;0.7222467737551467;0
0.4;0.0;0.848;0.08247422680412371;0.6761603722119152;0
0.26666666666666666;0.0;0.94;0.25773195876288657;0.7701686149337271;0
0.06666666666666667;0.0;0.972;0.05670103092783505;0.3988033973186635;2
0.0;0.0;0.4;0.18556701030927836;0.2683009511672945;3
0.6;0.0;0.972;0.4690721649484536;0.7101540650940572;0
0.26666666666666666;0.0;0.8759999999999999;0.17010309278350516;0.7091123116663582;0
0.2;0.16666666666666666;0.972;0.06701030927835051;0.7895784980536382;0
0.06666666666666667;0.0;0.68;0.020618556701030927;0.54320373623684;1
0.06666666666666667;0.16666666666666666;0.932;0.25257731958762886;0.6630547243552525;0
0.2;0.3333333333333333;0.9520000000000001;0.6288659793814433;0.590298964004732;2
0.0;0.0;0.5;0.02577319587628866;0.4474159363819259;1
0.0;0.16666666666666666;0.84;0.030927835051546393;0.8906973292593288;0
0.3333333333333333;0.3333333333333333;0.828;0.23195876288659795;0.799531489256847;0
0.13333333333333333;0.16666666666666666;0.924;0.020618556701030927;0.6449163702944986;0
0.0;0.16666666666666666;0.748;0.07731958762886598;0.6397466705207495;0
0.0;0.0;0.852;0.04639175257731959;0.6020775284002388;1
0.4;0.3333333333333333;0.912;0.13917525773195877;0.7380107366586356;0
0.2;0.16666666666666666;0.956;0.22164948453608246;0.660730438792362;0
0.06666666666666667;0.0;0.9079999999999999;0.06701030927835051;0.859631087366861;1
0.13333333333333333;0.0;0.644;0.6288659793814433;0.7641001900028512;0
0.06666666666666667;0.0;0.9359999999999999;0.041237113402061855;0.5444086843822369;2
0.4;0.0;0.9159999999999999;0.17525773195876287;0.44100674419425506;2
0.13333333333333333;0.0;0.94;0.11855670103092783;0.6973489687785908;1
0.13333333333333333;0.5;0.9079999999999999;0.06701030927835051;0.8323475952103566;0
0.13333333333333333;0.16666666666666666;0.82;0.005154639175257732;0.751429392147897;0
0.3333333333333333;0.16666666666666666;0.9079999999999999;0.12886597938144329;0.7871712734362588;0
0.2;0.16666666666666666;0.84;0.05154639175257732;0.6069884859781441;0
0.0;0.0;0.7120000000000001;0.0979381443298969;0.5719950716531088;1
0.13333333333333333;0.3333333333333333;0.888;0.20618556701030927;0.6196704743949876;0
0.06666666666666667;0.0;0.784;0.05154639175257732;0.82473906773503;1
0.0;0.16666666666666666;0.9359999999999999;0.08247422680412371;0.6760399945760354;0
0.06666666666666667;0.0;0.96;0.14948453608247422;0.4319093446839778;2
0.26666666666666666;0.16666666666666666;0.84;0.3247422680412371;0.568222621921229;0
0.06666666666666667;0.0;0.8640000000000001;0.015463917525773196;0.7198767533618449;1
0.26666666666666666;0.16666666666666666;0.784;0.02577319587628866;0.8342261448741636;0
0.26666666666666666;0.3333333333333333;0.8959999999999999;0.11855670103092783;0.7916278942015451;0
0.13333333333333333;0.0;0.996;0.1134020618556701;0.31007229548258086;2
0.13333333333333333;0.16666666666666666;0.8640000000000001;0.25773195876288657;0.5475533728869117;0
0.0;0.0;0.968;0.09278350515463918;0.9160246057371706;1
0.2;0.16666666666666666;0.688;0.03608247422680412;0.7392008617037316;0
0.06666666666666667;0.16666666666666666;0.9;0.10824742268041238;0.7511549128582177;0
0.2;0.0;0.852;0.16494845360824742;0.6243364817051538;0
0.06666666666666667;0.0;0.948;0.28350515463917525;0.7638638289307839;0
0.26666666666666666;0.0;0.92;0.08247422680412371;0.6512847608732774;1
0.4666666666666667;0.5;0.94;0.26288659793814434;0.7479491274009971;4
0.4666666666666667;0.0;0.872;0.12886597938144329;0.8324835458899524;0
0.13333333333333333;0.0;0.88;0.0;0.6112127648993483;2
0.4;0.3333333333333333;0.9440000000000001;0.27319587628865977;0.2731413437570474;2
0.3333333333333333;0.0;0.768;0.13917525773195877;0.49260022630480016;2
0.0;0.0;0.94;0.010309278350515464;0.6959687916672829;1
0.06666666666666667;0.0;0.9359999999999999;0.0979381443298969;0.8130181552395057;1
0.06666666666666667;0.0;0.836;0.05670103092783505;0.8228384884834224;1
0.0;0.0;0.932;0.04639175257731959;0.555092893850244;2
0.13333333333333333;0.0;0.948;0.03608247422680412;0.2933174815606488;2
0.0;0.0;0.8079999999999999;0.061855670103092786;0.7008586102151759;1
0.06666666666666667;0.0;0.86;0.04639175257731959;0.6236394444550455;2
0.2;0.3333333333333333;0.932;0.030927835051546393;0.7844439050059797;0
0.13333333333333333;0.16666666666666666;0.904;0.15463917525773196;0.7555348987808416;0
0.2;0.16666666666666666;0.764;0.03608247422680412;0.5333868714812141;0
0.06666666666666667;0.0;0.972;0.07731958762886598;0.6494175658214799;1
0.06666666666666667;0.0;0.9640000000000001;0.02577319587628866;0.8298235786240445;1
0.2;0.0;0.86;0.10309278350515463;0.8924078564447058;1
0.13333333333333333;0.16666666666666666;0.852;0.14432989690721648;0.6226385043540997;0
0.0;0.16666666666666666;0.9440000000000001;0.03608247422680412;0.7769288392286782;0
0.6666666666666666;0.6666666666666666;0.9520000000000001;0.22164948453608246;0.20793581449924725;4
0.26666666666666666;0.16666666666666666;0.9159999999999999;0.18041237113402062;0.6692166930092098;0
0.4666666666666667;0.5;0.892;0.08762886597938144;0.6330171235985963;4
0.06666666666666667;0.0;0.888;0.05154639175257732;0.7829347024737777;1
0.26666666666666666;0.16666666666666666;0.884;0.14948453608247422;0.8552599132793555;0
0.3333333333333333;0.3333333333333333;0.98;0.10309278350515463;0.8140475697544637;0
0.26666666666666666;0.0;0.872;0.04639175257731959;0.6830177493326316;1
0.26666666666666666;0.0;0.9640000000000001;0.07216494845360824;0.8057672101584705;1
0.2;0.0;0.884;0.061855670103092786;0.7470893758656854;1
0.4;0.0;0.8959999999999999;0.16494845360824742;0.5486403924303902;2
0.4;0.0;0.9159999999999999;0.24742268041237114;0.6981320385997757;0
0.26666666666666666;0.0;0.9;0.08247422680412371;0.9100118406690855;1
0.0;0.0;0.728;0.020618556701030927;0.6577118696778348;1
0.0;0.0;0.027999999999999997;0.0;0.11227996953167398;3
0.0;0.0;0.0;0.0;0.0;3
0.13333333333333333;0.0;0.924;0.2268041237113402;0.7188116462275054;1
0.26666666666666666;0.0;0.9640000000000001;0.030927835051546393;0.6561620413047268;1
0.06666666666666667;0.0;0.932;0.03608247422680412;0.7428152842967518;1
0.2;0.0;0.644;0.08247422680412371;0.6404513712551271;1
0.4666666666666667;0.5;0.904;0.10824742268041238;0.6691651109637363;4
0.2;0.16666666666666666;0.892;0.23195876288659795;0.5147811269052841;0
0.06666666666666667;0.0;0.9840000000000001;0.030927835051546393;0.39923782547720055;2
0.2;0.0;0.932;0.02577319587628866;0.7024636063007054;1
0.06666666666666667;0.16666666666666666;0.816;0.03608247422680412;0.8182080214603809;0
0.4;0.0;0.8959999999999999;0.12371134020618557;0.0;2
0.26666666666666666;0.0;0.9440000000000001;0.06701030927835051;0.5789833607711062;1
0.4;0.3333333333333333;0.9359999999999999;0.061855670103092786;0.4018668107057992;2
0.3333333333333333;0.16666666666666666;0.7759999999999999;0.04639175257731959;0.6769960318150395;0
0.0;0.0;0.0;0.0;0.008287929337331721;3
0.26666666666666666;0.16666666666666666;0.9640000000000001;0.3402061855670103;0.7413598667688032;0
0.4;0.16666666666666666;0.9520000000000001;0.14948453608247422;0.5953004538141939;0
0.13333333333333333;0.0;0.948;0.05670103092783505;0.6765051001073668;1
0.26666666666666666;0.16666666666666666;0.88;0.020618556701030927;0.6498441781634946;0
0.06666666666666667;0.3333333333333333;0.7240000000000001;0.0;0.6185345327615813;0
0.2;0.0;0.968;0.08247422680412371;0.5988674307683897;1
0.26666666666666666;0.3333333333333333;0.872;0.015463917525773196;0.9188374442809618;0
0.26666666666666666;0.3333333333333333;0.892;0.020618556701030927;0.6305919003392707;0
0.06666666666666667;0.0;0.9440000000000001;0.13917525773195877;0.666583489348906;1
0.2;0.3333333333333333;0.892;0.1134020618556701;0.1925250280724913;2
0.06666666666666667;0.16666666666666666;0.7120000000000001;0.0;0.7562868225145929;0
0.13333333333333333;0.3333333333333333;0.888;0.14432989690721648;0.7105381767366302;0
0.4666666666666667;0.16666666666666666;0.948;0.20618556701030927;0.3081946129408457;2
0.06666666666666667;0.0;0.9079999999999999;0.07216494845360824;0.8093465494611347;1
0.06666666666666667;0.0;0.992;0.12886597938144329;0.5555519881163966;2
0.13333333333333333;0.0;0.7879999999999999;0.37628865979381443;0.6892892565965608;0
0.2;0.0;0.96;0.22164948453608246;0.29768976884541065;2
0.13333333333333333;0.16666666666666666;0.932;0.020618556701030927;0.690710879799397;0
0.13333333333333333;0.16666666666666666;0.8959999999999999;0.08762886597938144;0.7513110299849405;0
0.3333333333333333;0.0;0.892;0.03608247422680412;0.6624566327643812;0
0.2;0.0;0.892;0.24742268041237114;0.7606985638536753;0
0.13333333333333333;0.0;0.9159999999999999;0.12371134020618557;0.7937396059600457;1
0.4;0.16666666666666666;1.0;0.10309278350515463;0.14743060246282363;2
0.13333333333333333;0.0;0.804;0.041237113402061855;0.5690645974540454;1
0.0;0.0;0.9;0.030927835051546393;0.6971298915586523;1
0.2;0.0;0.9640000000000001;0.09278350515463918;0.6750389607321644;1
0.2;0.16666666666666666;0.8759999999999999;0.02577319587628866;0.7223900012294378;0
0.13333333333333333;0.0;0.932;0.03608247422680412;0.8375802082058537;1
0.06666666666666667;0.0;0.956;0.31443298969072164;0.7120595541314491;0
0.06666666666666667;0.16666666666666666;0.86;0.12886597938144329;0.7667378581700464;0
0.13333333333333333;0.0;0.912;0.020618556701030927;0.5645645502779184;2
0.06666666666666667;0.0;0.76;0.08762886597938144;0.538577218134584;1
0.13333333333333333;0.0;0.9520000000000001;0.12371134020618557;0.7175597797472426;1
0.06666666666666667;0.0;0.9279999999999999;0.015463917525773196;0.6779908669078694;1
0.26666666666666666;0.0;0.9159999999999999;0.041237113402061855;0.7936836179970106;1
0.13333333333333333;0.0;0.972;0.3556701030927835;0.8955766603173007;0
0.06666666666666667;0.0;0.828;0.061855670103092786;0.8614937827581717;1
0.06666666666666667;0.0;0.848;0.28865979381443296;0.5120978762399332;0
0.06666666666666667;0.0;0.9359999999999999;0.04639175257731959;0.8209550759052883;1
0.13333333333333333;0.3333333333333333;0.92;0.15979381443298968;0.7522441002068755;0
0.4;0.16666666666666666;0.988;0.23711340206185566;0.14120157246260295;2
0.3333333333333333;0.16666666666666666;0.88;0.32989690721649484;0.5808772374034468;0
0.4666666666666667;0.0;0.956;0.020618556701030927;0.7270200112557118;0
0.26666666666666666;0.0;0.8440000000000001;0.20618556701030927;0.47713583064177834;2
0.6;0.3333333333333333;0.976;0.0979381443298969;0.42593175664917476;4
0.13333333333333333;0.16666666666666666;0.84;0.041237113402061855;0.7422057560688116;0
0.06666666666666667;0.0;0.8240000000000001;0.005154639175257732;0.77797162382857;1
0.0;0.0;0.9440000000000001;0.0;0.7284664060269584;1
0.13333333333333333;0.3333333333333333;0.848;0.10824742268041238;0.49933221054305144;0
0.3333333333333333;0.16666666666666666;0.848;0.19072164948453607;0.6824977690355214;0
0.2;0.3333333333333333;0.9840000000000001;0.04639175257731959;0.6819690823640799;0
0.0;0.0;0.0;0.0;0.45819398251966337;3
0.0;0.0;0.0;0.0;0.45819398251966337;3
0.4;0.3333333333333333;0.948;0.12886597938144329;0.45819398251966337;2
0.4;0.3333333333333333;0.948;0.12886597938144329;0.45819398251966337;2
0.0;0.16666666666666666;0.368;0.0;0.5978809973853687;1
0.13333333333333333;0.0;0.8959999999999999;0.02577319587628866;0.6640696321522853;1
0.0;0.0;0.568;0.04639175257731959;0.4288019892999013;1
0.0;0.16666666666666666;0.8959999999999999;0.05670103092783505;0.8210152705821615;0
0.06666666666666667;0.0;0.968;0.005154639175257732;0.3385394327043674;2
0.0;0.0;0.6759999999999999;0.05154639175257732;0.8692202271175492;1
0.3333333333333333;0.3333333333333333;0.9159999999999999;0.20103092783505155;0.8227346799098543;0
0.26666666666666666;0.3333333333333333;0.972;0.18041237113402062;0.7660458596022488;0
0.4666666666666667;0.0;0.868;0.30927835051546393;0.6512065909901902;0
0.13333333333333333;0.16666666666666666;0.9159999999999999;0.07216494845360824;0.6690001468482942;0
0.13333333333333333;0.0;0.772;0.07731958762886598;0.6736337894129827;1
0.3333333333333333;0.0;0.8759999999999999;0.22164948453608246;0.8206046062555675;0
0.0;0.0;0.048;0.0;5.243744968055459e-05;3
0.3333333333333333;0.0;0.9359999999999999;0.21649484536082475;0.6175078367915022;0
0.0;0.16666666666666666;0.68;0.010309278350515464;0.32104719004873894;2
0.4;0.16666666666666666;0.9279999999999999;0.07731958762886598;0.8350599530544801;0
0.2;0.0;0.912;0.02577319587628866;0.8202675184086486;1
0.4;0.16666666666666666;0.872;0.14432989690721648;0.6605687791150887;0
0.13333333333333333;0.0;0.3;0.0;0.2057620214874724;3
0.0;0.16666666666666666;0.98;0.0;0.4146324998384123;2
0.2;0.16666666666666666;0.696;0.27835051546391754;0.5903024910823541;0
0.06666666666666667;0.0;0.9840000000000001;0.11855670103092783;0.21186856463595857;2
0.4666666666666667;0.0;0.972;0.13917525773195877;0.31349278739577674;2
0.4666666666666667;0.5;0.9840000000000001;0.12371134020618557;0.1461678969566499;4
0.3333333333333333;0.3333333333333333;0.868;0.20618556701030927;0.24876165593692992;2
0.5333333333333333;0.16666666666666666;0.956;0.24742268041237114;0.638338511145776;0
0.06666666666666667;0.0;0.652;0.005154639175257732;0.7032508945535968;1
0.0;0.16666666666666666;0.8240000000000001;0.16494845360824742;0.7007000909259516;0
0.06666666666666667;0.16666666666666666;0.956;0.1134020618556701;0.7168379826465893;0
0.2;0.0;0.8959999999999999;0.24742268041237114;0.8862504577584293;0
0.13333333333333333;0.0;0.8640000000000001;0.015463917525773196;0.7768431230399834;1
0.4;0.0;0.9359999999999999;0.42783505154639173;0.5239413458943855;0
0.06666666666666667;0.0;0.94;0.10309278350515463;0.7272538412687579;1
0.06666666666666667;0.16666666666666666;0.956;0.11855670103092783;0.5106606214040514;0
0.4;0.16666666666666666;0.836;0.015463917525773196;0.7193689127737557;0
0.26666666666666666;0.3333333333333333;0.94;0.05670103092783505;0.5035033489426249;2
0.06666666666666667;0.0;0.932;0.030927835051546393;0.7190185954562903;1
0.2;0.16666666666666666;0.888;0.07216494845360824;0.4260973066579087;0
0.4;0.16666666666666666;0.8320000000000001;0.21649484536082475;0.6092135212172826;0
0.06666666666666667;0.0;0.968;0.061855670103092786;0.4534729715471951;2
0.2;0.0;0.972;0.0979381443298969;0.6571055872987323;1
0.06666666666666667;0.3333333333333333;0.9279999999999999;0.2268041237113402;0.7982506562122045;0
0.2;0.3333333333333333;0.98;0.20618556701030927;0.6641346077184339;0
0.2;0.0;0.988;0.020618556701030927;0.7334062715799157;1
0.2;0.0;0.924;0.14432989690721648;0.5069185912519207;2
0.0;0.0;0.23199999999999998;0.005154639175257732;0.1702279799856977;3
0.26666666666666666;0.0;0.976;0.15979381443298968;0.8776191012087537;0
0.13333333333333333;0.16666666666666666;0.9;0.422680412371134;0.5582267433290088;0
0.5333333333333333;0.0;0.888;0.2422680412371134;0.5257642356954042;0
0.13333333333333333;0.0;0.992;0.1958762886597938;0.7120768731371834;1
0.2;0.0;0.7440000000000001;0.05154639175257732;0.7681283118497207;1
0.0;0.0;0.852;0.06701030927835051;0.319501896489717;2
0.26666666666666666;0.3333333333333333;0.82;0.06701030927835051;0.6402778179440177;0
0.06666666666666667;0.0;0.8240000000000001;0.13402061855670103;0.707307139278506;1
0.3333333333333333;0.16666666666666666;0.848;0.17010309278350516;0.5880907907745526;0
0.13333333333333333;0.16666666666666666;0.812;0.04639175257731959;0.5815088303727851;0
0.6;0.16666666666666666;0.956;0.07731958762886598;0.9260294602146347;0
0.4666666666666667;0.3333333333333333;0.924;0.4484536082474227;0.8609008821818747;0
0.4666666666666667;0.16666666666666666;0.852;0.07731958762886598;0.6089574975663163;0
0.2;0.0;0.828;0.18041237113402062;0.7538669426020971;0
0.0;0.0;0.9159999999999999;0.14432989690721648;0.7867721160539309;1
0.13333333333333333;0.0;0.968;0.04639175257731959;0.778428913543382;1
0.0;0.0;0.804;0.07216494845360824;0.779669987869196;1
0.26666666666666666;0.0;0.956;0.15463917525773196;0.771592007534307;0
0.2;0.0;0.88;0.05670103092783505;0.6834793043506124;1
0.0;0.0;0.048;0.010309278350515464;4.487942620704449e-06;3
0.4;0.16666666666666666;0.948;0.07216494845360824;0.5079342607102358;2
0.13333333333333333;0.3333333333333333;0.9;0.27835051546391754;0.6401950898111126;0
0.3333333333333333;0.8333333333333333;0.94;0.12886597938144329;0.46027300143244004;4
0.06666666666666667;0.0;0.996;0.005154639175257732;0.21934531299193077;2
0.2;0.16666666666666666;0.736;0.05154639175257732;0.5632306118652397;0
0.4;0.5;0.9640000000000001;0.27835051546391754;0.6044235506042832;4
0.0;0.0;0.9159999999999999;0.15979381443298968;0.741546169117958;1
0.4666666666666667;0.0;0.86;0.16494845360824742;0.6310345310039055;0
0.3333333333333333;0.0;0.904;0.30412371134020616;0.5488332099129584;0
0.06666666666666667;0.16666666666666666;0.9520000000000001;0.005154639175257732;0.40846362936146596;2
0.06666666666666667;0.0;0.9440000000000001;0.04639175257731959;0.6271316262715114;1
0.2;0.0;0.8;0.015463917525773196;0.9405436892894432;1
0.2;0.0;0.8959999999999999;0.015463917525773196;0.7355250140579234;1
0.06666666666666667;0.3333333333333333;0.74;0.08762886597938144;0.8870474249685123;0
0.06666666666666667;0.0;0.9;0.05154639175257732;0.7589672960457412;1
0.4666666666666667;0.3333333333333333;0.892;0.11855670103092783;0.7017664987433996;0
0.3333333333333333;0.0;0.92;0.38144329896907214;0.7186674110167539;0
0.26666666666666666;0.16666666666666666;0.88;0.16494845360824742;0.645027268176906;0
0.4;0.3333333333333333;0.9359999999999999;0.07731958762886598;0.7074500738061505;0
0.26666666666666666;0.16666666666666666;0.8240000000000001;0.061855670103092786;0.7562416735774736;0
0.2;0.0;0.94;0.10824742268041238;0.8895205508634352;1
0.3333333333333333;0.0;0.816;0.08762886597938144;0.26722446598521504;2
0.2;0.6666666666666666;0.9279999999999999;0.04639175257731959;0.7391362376735675;4
0.3333333333333333;0.3333333333333333;0.924;0.030927835051546393;0.8991131356666852;0
0.0;0.0;0.9;0.015463917525773196;0.8303060500325695;1
0.4666666666666667;0.16666666666666666;0.9;0.06701030927835051;0.7174013893545437;0
0.0;0.0;0.988;0.015463917525773196;0.7548675194491969;1
0.06666666666666667;0.16666666666666666;0.9279999999999999;0.12886597938144329;0.3218437940049814;2
0.06666666666666667;0.0;0.96;0.13402061855670103;0.8400265119058435;1
0.3333333333333333;0.0;0.988;0.14948453608247422;0.3474446006253689;2
0.06666666666666667;0.16666666666666666;0.88;0.10309278350515463;0.8108457332180349;0
0.2;0.16666666666666666;0.904;0.09278350515463918;0.8229115493770007;0
0.3333333333333333;0.16666666666666666;0.88;0.27835051546391754;0.7540591507556437;0
0.6;0.16666666666666666;0.972;0.15979381443298968;0.1600426820920032;2
0.06666666666666667;0.16666666666666666;0.792;0.06701030927835051;0.5843520416248598;0
0.13333333333333333;0.0;0.9159999999999999;0.005154639175257732;0.7390184145324398;1
0.0;0.0;0.9840000000000001;0.06701030927835051;0.4053742491836066;2
0.4;0.16666666666666666;0.94;0.15463917525773196;0.7675316264027511;0
0.26666666666666666;0.0;0.968;0.03608247422680412;0.1005773720604739;2
0.06666666666666667;0.0;0.9359999999999999;0.07731958762886598;0.591194689388202;2
0.06666666666666667;0.0;0.9079999999999999;0.020618556701030927;0.6036551398332766;2
0.0;0.0;0.728;0.015463917525773196;0.5880182689028053;1
0.0;0.0;0.7879999999999999;0.07731958762886598;0.7789636583514665;1
0.26666666666666666;0.16666666666666666;0.9640000000000001;0.0979381443298969;0.8837541890784528;0
0.26666666666666666;0.16666666666666666;0.94;0.07731958762886598;0.636271385866838;0
0.0;0.0;0.812;0.005154639175257732;0.6780236183429245;1
0.13333333333333333;0.16666666666666666;0.9840000000000001;0.4175257731958763;0.9200292332630096;0
0.2;0.16666666666666666;0.828;0.05154639175257732;0.928340469435517;0
0.2;0.0;0.8320000000000001;0.07731958762886598;0.8039882623543926;1
0.06666666666666667;0.0;0.948;0.08762886597938144;0.7135792558714513;1
0.06666666666666667;0.16666666666666666;0.856;0.17525773195876287;1.0;0
0.06666666666666667;0.0;0.7240000000000001;0.005154639175257732;0.5909399547024805;1
0.0;0.0;0.828;0.03608247422680412;0.6392150895364478;1
0.4;0.5;0.98;0.20103092783505155;0.5758584988954526;4
0.2;0.0;0.8759999999999999;0.10309278350515463;0.6662666382563098;1
0.13333333333333333;0.3333333333333333;0.924;0.08247422680412371;0.15937359195194473;2
0.26666666666666666;0.3333333333333333;0.992;0.10824742268041238;0.36952746956014826;2
0.06666666666666667;0.0;0.92;0.08762886597938144;0.7869699487830849;1
0.26666666666666666;0.3333333333333333;0.912;0.08247422680412371;0.8199409532052663;0
0.06666666666666667;0.0;0.14400000000000002;0.0;0.0;3
0.06666666666666667;0.0;0.68;0.17010309278350516;0.7282901693245676;1
0.3333333333333333;0.3333333333333333;0.988;1.0;0.40126782855712423;2
0.2;0.16666666666666666;0.8759999999999999;0.44329896907216493;0.7007717105220289;0
0.13333333333333333;0.16666666666666666;0.9359999999999999;0.10309278350515463;0.567587771385187;0
0.13333333333333333;0.0;0.9279999999999999;0.07731958762886598;0.8799786106763917;1
0.26666666666666666;0.0;0.852;0.04639175257731959;0.0;2
0.5333333333333333;0.16666666666666666;0.94;0.34536082474226804;0.8775283229020103;0
0.3333333333333333;0.0;0.816;0.07731958762886598;0.7459841819122741;1
0.13333333333333333;0.3333333333333333;0.948;0.07731958762886598;0.8065383160386226;0
