VL_BENS;VR_DESPESA_CONTRATADA;followers_count;tweets;PERC_VOTOS_PARL_EST;ORGAO_PARTICIPANTE;ORGAO_TOTAL;ORGAO_GESTOR;PERC_PRESENCA;TOTAL_PROPOSTAS;GASTO_GABINETE;cluster
0.0;0.01653472483960327;0.0008243455833906449;0.0014447258588092605;0.027782127852791626;0.06666666666666667;0.058823529411764705;0.0;0.968;0.020618556701030927;0.6589870429932715;7
0.007986792189001932;0.9179672462500488;0.0;0.0;0.11856880844672921;0.0;0.0;0.0;0.012;0.005154639175257732;0.0897570830163456;5
0.0047654631724071165;0.07546493273271625;0.001534571664194637;0.00469981807155852;0.22619201397996208;0.5333333333333333;0.6470588235294118;0.5;0.972;0.061855670103092786;0.7441993986110014;1
0.003345722034062879;0.23623019274727347;0.0;0.0;0.3159527960481878;0.13333333333333333;0.11764705882352941;0.0;0.924;0.14948453608247422;0.5177167100938608;4
0.00701107147158322;0.13730768560335646;0.000904900526392988;0.007865729675739307;0.026230499488153515;0.26666666666666666;0.29411764705882354;0.16666666666666666;0.9640000000000001;0.17525773195876287;0.49097355216744687;3
0.005132909421906236;0.34771183161234936;0.014394497023327034;0.150956016123854;0.39695290136219524;0.13333333333333333;0.1764705882352941;0.16666666666666666;0.9079999999999999;0.25773195876288657;0.6352077903371927;0
0.010860661768095244;0.30625004503078956;0.0;0.0;0.13143256531843772;0.26666666666666666;0.23529411764705882;0.0;0.92;0.12371134020618557;0.6864846557124629;0
0.0018473898727322483;0.1362385713793212;0.0;0.0;0.23568852928456382;0.13333333333333333;0.11764705882352941;0.0;0.9;0.04639175257731959;0.9379567360456482;7
0.023089187670088065;0.46464329610658983;0.2216355137206885;0.4680376698890593;0.07337359988306562;0.06666666666666667;0.1764705882352941;0.3333333333333333;0.872;0.030927835051546393;0.5467620888417658;0
0.07527133197565926;0.9305821812875641;0.0;0.0;0.528743820116411;0.26666666666666666;0.29411764705882354;0.16666666666666666;0.9359999999999999;0.05154639175257732;0.7260386634264736;8
0.0008603531190281274;0.15658211853497983;0.11312934807891566;0.16018620911069095;0.07693638034512355;0.2;0.23529411764705882;0.16666666666666666;0.9440000000000001;0.4896907216494845;0.705837918104585;7
0.008975383898200287;0.6572668538139732;0.01688498734448281;0.22978275603752718;0.09441329344258745;0.2;0.23529411764705882;0.16666666666666666;0.9079999999999999;0.15979381443298968;0.6323321440324449;9
0.17815941595129134;0.6097296022144688;0.0007840681118894732;0.01876360004280669;0.07235530636459647;0.26666666666666666;0.23529411764705882;0.0;0.912;0.10824742268041238;0.864942631906727;9
0.003951684851560126;0.3063123289072102;0.0;0.0;0.19781544381503094;0.3333333333333333;0.4117647058823529;0.3333333333333333;0.672;0.19072164948453607;0.7412289196179247;0
0.009440925387263792;0.8901152788209586;0.0;0.0;0.10967798700598934;0.0;0.0;0.0;0.10800000000000001;0.0;0.05654545221892557;5
0.022008546601957654;0.36354751590797385;0.0;0.0;0.11955907337984151;0.26666666666666666;0.23529411764705882;0.0;0.892;0.17525773195876287;0.7659976171485459;0
0.028285572829143922;0.7400226916442612;0.0;0.0;0.5764812292225676;0.06666666666666667;0.11764705882352941;0.16666666666666666;0.8320000000000001;0.061855670103092786;0.5273577365545339;8
0.01426277426732975;0.7291803776543473;0.0;0.0;0.054131163073011634;0.06666666666666667;0.11764705882352941;0.16666666666666666;0.924;0.10824742268041238;0.7133795600016373;9
0.005725183205820354;0.4035506419163248;0.0037048560869160983;0.06497699140298933;0.15977351404849935;0.3333333333333333;0.29411764705882354;0.0;0.764;0.06701030927835051;0.7776747751329826;0
0.0017711331192202075;0.20189753355229598;0.0;0.0;0.05616513418182392;0.13333333333333333;0.1764705882352941;0.16666666666666666;0.956;0.1134020618556701;0.7029388126324028;0
0.03229858010079538;0.8412643096227995;0.0;0.0;0.07451363887537198;0.2;0.1764705882352941;0.0;0.816;0.005154639175257732;0.6603960109009903;9
0.0008513443929779624;0.01404731312416064;0.1264873715022792;0.06221239253736667;0.2208043136883302;0.2;0.1764705882352941;0.0;0.956;0.09278350515463918;0.49658916360826244;7
0.005925116595533307;0.42306581622712125;0.0;0.0;0.08762544536276459;0.26666666666666666;0.29411764705882354;0.16666666666666666;0.988;0.17525773195876287;0.523679182081715;0
0.019704326997256164;0.20280178666678028;0.0;0.0;0.22724656222451964;0.06666666666666667;0.1764705882352941;0.3333333333333333;0.9279999999999999;0.18556701030927836;0.7486594995824459;7
0.004356993891750712;0.014861903642245199;0.0008508615854622495;0.006421003816930047;0.16704894071693036;0.3333333333333333;0.3529411764705882;0.16666666666666666;0.9440000000000001;0.06701030927835051;0.31105247152523513;3
0.015942712376755794;0.48815547688671224;0.0;0.0;0.1674979227531545;0.26666666666666666;0.23529411764705882;0.0;0.956;0.07731958762886598;0.6436483683129581;0
0.011797810241161675;0.6269458859677087;0.0;0.0;0.30669800353325394;0.2;0.23529411764705882;0.16666666666666666;0.9440000000000001;0.07731958762886598;0.4185572935442108;9
0.0;0.2676450349729451;0.0;0.0;0.2782065054990719;0.3333333333333333;0.3529411764705882;0.16666666666666666;0.892;0.05670103092783505;0.7358699528749623;0
0.026424175503332543;0.22098020698281318;0.0;0.0;0.1369549103636125;0.4;0.4117647058823529;0.16666666666666666;0.988;0.03608247422680412;0.19496696100852046;3
0.016277885913084992;0.7183821919012755;0.0007840681118894732;0.03990832233439161;0.11187290751594448;0.13333333333333333;0.1764705882352941;0.16666666666666666;0.9359999999999999;0.07216494845360824;0.8044251981362205;9
0.0007570287886578548;0.6814002115769232;0.0;0.0;0.1336389845634125;0.0;0.0;0.0;0.9359999999999999;0.0;0.679022179717095;6
0.01201055118915048;0.6349510355532102;0.0;0.0;0.0769906871953121;0.26666666666666666;0.3529411764705882;0.3333333333333333;0.8959999999999999;0.14948453608247422;0.7298673589144345;0
0.0015478106281477792;0.2530715298111574;0.012356456965367753;0.2120179788106874;0.32438205966659234;0.3333333333333333;0.3529411764705882;0.16666666666666666;0.92;0.4175257731958763;0.7316162035211407;0
0.0;0.04304956640675993;0.0;0.0;0.06837208631200972;0.0;0.058823529411764705;0.16666666666666666;0.912;0.14948453608247422;0.8049938544480767;7
0.007115402892291304;0.3056299565341516;0.0;0.0;0.5429392944267025;0.2;0.23529411764705882;0.16666666666666666;0.84;0.14432989690721648;0.836967035721632;4
0.0257089486424864;0.8859169101557174;0.0;0.0;0.03549203598969136;0.4666666666666667;0.5882352941176471;0.5;0.884;0.14432989690721648;0.5890722440645847;2
0.0013072757896823409;0.3621706970998623;0.007390244729273298;1.0;0.28723819925342226;0.4;0.47058823529411764;0.3333333333333333;0.912;0.1134020618556701;0.6227250173576746;0
0.054085408495070555;0.3459407987474275;0.0;0.0;0.159774094097982;0.2;0.23529411764705882;0.16666666666666666;0.836;0.09278350515463918;0.7077054061030287;0
0.0028911563773881383;0.7354191930714942;0.0;0.0;0.030668194166421504;0.13333333333333333;0.1764705882352941;0.16666666666666666;0.872;0.07731958762886598;0.47161313015928863;9
0.0042132327058772645;0.3655219988479868;0.0020843591501856287;0.13372632254842506;0.5388027237059927;0.0;0.0;0.0;0.736;0.08762886597938144;0.7388357798752966;4
0.013776290958176033;0.3545396187664313;0.0;0.0;0.2233822735258288;0.13333333333333333;0.23529411764705882;0.3333333333333333;0.968;0.08762886597938144;0.3896011580626208;3
0.06084608455695437;0.19705434722399212;0.0;0.0;0.4560997054680917;0.6;0.8235294117647058;0.8333333333333333;0.9;0.2268041237113402;0.2692360134264245;1
0.010763513023179523;0.5853074702302904;0.0;0.0;0.07414221871057175;0.06666666666666667;0.058823529411764705;0.0;0.88;0.07216494845360824;0.594880590962912;6
0.00817530445982254;0.5106706159476009;0.0;0.0;0.07231152124161351;0.0;0.0;0.0;0.9440000000000001;0.030927835051546393;0.5666430418867315;6
0.0002986449358457439;0.2500592818237916;0.0;0.0;0.05758198036118742;0.2;0.1764705882352941;0.0;0.9279999999999999;0.05670103092783505;0.8079600447022506;7
0.10640890468188309;0.36399797099978437;0.0;0.0;0.5161684642929096;0.4;0.5294117647058824;0.5;0.9440000000000001;0.21649484536082475;0.7578541573792811;1
0.047229570826242386;0.9617795548207737;0.005673081860940016;0.013305746798416151;0.3194604746950902;0.7333333333333333;0.8235294117647058;0.5;0.9079999999999999;0.36597938144329895;0.0;2
0.01211995570432421;0.5254354777544024;0.25260251203876843;0.1336371419398566;0.2667940073473093;0.06666666666666667;0.058823529411764705;0.0;0.772;0.24742268041237114;0.7166986103501679;8
0.0;0.006816480068113671;0.0;0.0;0.044330202284558175;0.0;0.0;0.0;0.68;0.07216494845360824;0.704677544720884;7
0.0006332773676945783;0.5404969229928953;0.0;0.0;0.061524116798255035;0.4;0.3529411764705882;0.0;0.888;0.020618556701030927;0.6311903434661159;0
0.006714509324755357;0.4586770903098772;0.0;0.0;0.09264738125687792;0.2;0.23529411764705882;0.16666666666666666;0.9;0.041237113402061855;0.630724722348685;0
0.0034975162385400306;0.427773670022897;0.0;0.0;0.37551811819776787;0.13333333333333333;0.11764705882352941;0.0;0.9640000000000001;0.12371134020618557;0.5988425888927846;6
0.001026145261558841;0.48847172666833877;0.10913852194434123;0.025826704241429743;0.08207196105075105;0.4;0.7058823529411764;1.0;0.9520000000000001;0.22164948453608246;0.5934266850396545;1
7.641650578342878e-06;0.878019695014696;0.0;0.0;0.014115353217341845;0.3333333333333333;0.3529411764705882;0.16666666666666666;0.9840000000000001;0.10309278350515463;0.6797033158232478;9
0.02446874660506079;0.6317749490909981;0.0;0.0;0.10832706229148088;0.06666666666666667;0.058823529411764705;0.0;0.8759999999999999;0.030927835051546393;0.8752591816158113;6
0.02729535980966776;0.32985470452635945;0.0;0.0;0.22399528156379214;0.13333333333333333;0.11764705882352941;0.0;0.8759999999999999;0.10309278350515463;0.6648083029797637;6
0.007774664709766891;0.12716699198587525;0.0;0.0;0.31119946315598335;0.06666666666666667;0.058823529411764705;0.0;0.968;0.02577319587628866;0.7191843563866069;6
0.08618444139933988;0.664119017635413;0.0;0.0;0.22644252445017354;0.13333333333333333;0.1764705882352941;0.16666666666666666;0.92;0.05670103092783505;0.6575031158977086;9
0.006452898370794972;0.19201357547567038;0.011346163721880033;0.02050262190989191;0.17431040335020084;0.0;0.0;0.0;0.06;0.0;0.003197723565514097;5
0.007795916853234853;0.2998424212890859;0.0;0.0;0.17420577227213335;0.13333333333333333;0.11764705882352941;0.0;0.98;0.05670103092783505;0.5064143714843763;3
0.012253624953605134;0.5525339415943882;0.0037860823211101277;0.020725573431313093;0.02952078247269034;0.13333333333333333;0.1764705882352941;0.16666666666666666;0.792;0.041237113402061855;0.5604291748049214;9
0.005337371379533877;0.4840186948469667;0.0;0.0;0.020333556512152635;0.26666666666666666;0.3529411764705882;0.3333333333333333;0.8759999999999999;0.21649484536082475;0.6913381723119664;0
0.009720460395836687;0.15795982440122636;0.0;0.0;0.013237617834775993;0.2;0.1764705882352941;0.0;0.9440000000000001;0.10824742268041238;0.4485304577565544;7
0.0069384568027703935;0.3025608903429582;0.0;0.0;0.05086079331555741;0.4666666666666667;0.47058823529411764;0.16666666666666666;0.94;0.13402061855670103;0.7154358579725295;0
0.0010299469315991703;0.6580070670255698;0.001826918978173974;0.013493026076409944;0.6821956163644624;0.5333333333333333;0.6470588235294118;0.5;0.956;0.22164948453608246;0.5528312168445912;2
0.026838030288460754;0.9228499705798844;0.0;0.0;0.24455108425054237;0.5333333333333333;0.6470588235294118;0.5;0.9079999999999999;0.08762886597938144;0.5908369312259238;2
0.014598147118405068;0.09388514417793536;0.0;0.0;0.11969772514020963;0.3333333333333333;0.29411764705882354;0.0;0.9840000000000001;0.2422680412371134;0.6692659666351132;7
0.02873533556800008;0.48595018451971234;0.0;0.0;0.059337763451687606;0.26666666666666666;0.23529411764705882;0.0;0.968;0.26804123711340205;0.613235081059277;0
0.00819585466149198;0.9370992114479311;0.0;0.0;0.08475295106010602;0.13333333333333333;0.1764705882352941;0.16666666666666666;0.8640000000000001;0.0979381443298969;0.8403779307026954;9
0.008312377000046962;0.4269323128162079;0.0;0.0;0.016114149580693973;0.13333333333333333;0.11764705882352941;0.0;0.912;0.03608247422680412;0.5916955344103809;6
0.01547371568143385;0.4842631975075604;0.0;0.0;0.161136096719457;0.26666666666666666;0.23529411764705882;0.0;0.956;0.14432989690721648;0.7014479719959886;0
0.0021531324333961947;0.6297032771181228;0.0;0.0;0.2490189777703937;0.13333333333333333;0.11764705882352941;0.0;0.644;0.010309278350515464;0.8061889127146944;6
0.007094533937265317;0.6080414647382766;0.0;0.0;0.46083213046701577;0.0;0.0;0.0;0.812;0.015463917525773196;0.8869324609866542;8
0.02349632818577033;0.07354079518370046;0.0006222869346931008;0.0014358077979524132;0.03577819929471642;0.0;0.0;0.0;0.98;0.061855670103092786;0.5488947404265393;7
0.01911351627372092;0.03686102665551583;0.00017352877305088087;0.00037455855598758604;0.04232467723622123;0.26666666666666666;0.29411764705882354;0.16666666666666666;0.924;0.10824742268041238;0.39096466065083857;3
0.04340510720830289;0.4267337783601978;0.0;0.0;0.10676621418038416;0.26666666666666666;0.3529411764705882;0.3333333333333333;0.8959999999999999;0.11855670103092783;0.6413251256401312;0
0.020623847716944897;0.08685644029382157;0.0015439697408782436;0.06646630756608282;0.19096719412521684;0.2;0.23529411764705882;0.16666666666666666;0.972;0.08247422680412371;0.6529631459526284;7
0.005441638448621668;0.8092091160136461;0.0;0.0;0.21568556988645332;0.2;0.1764705882352941;0.0;0.664;0.08762886597938144;0.505316407454194;9
0.003756904098587966;0.35533282304894703;0.013400314768439782;0.3838065850961367;0.013727442843367377;0.06666666666666667;0.058823529411764705;0.0;0.912;0.06701030927835051;0.5677384865757539;0
0.04615330099424423;0.7687273039979212;0.0;0.0;0.09349208331696501;0.06666666666666667;0.058823529411764705;0.0;0.856;0.04639175257731959;0.7814406042706523;9
0.0755276020789959;0.08790238641879139;0.0569040117368552;0.018549566582242355;0.1053484236388259;0.06666666666666667;0.11764705882352941;0.16666666666666666;0.972;0.1958762886597938;0.4059451436078376;3
0.00805884480358512;0.46811064752532117;0.0;0.0;0.1516836379810698;0.0;0.0;0.0;0.0;0.0;0.04487428206393616;5
0.014161525631440748;0.23598668173245427;0.003041284743934297;0.11090500481575286;0.6519223451593363;0.4;0.47058823529411764;0.3333333333333333;0.996;0.18041237113402062;0.4355959962020995;1
0.034675862415162795;0.31338831027821507;0.004431193156320559;0.0547301394784718;0.14782452076470143;0.3333333333333333;0.29411764705882354;0.0;0.968;0.25773195876288657;0.7793202915986231;0
0.009690963733108961;0.1647820103061436;0.0;0.0;0.4109003923241633;1.0;0.8823529411764706;0.0;0.996;0.07731958762886598;0.3833352285028376;1
0.006690493233289994;0.35933817328777434;0.0;0.0;0.23690399592856576;0.0;0.0;0.0;0.04;0.03608247422680412;0.09598326557516468;5
0.009489986027607287;0.3520372084086914;0.0021135603170239783;0.08666571540684193;0.25104816870439384;0.13333333333333333;0.11764705882352941;0.0;0.9520000000000001;0.07731958762886598;0.945316458075373;6
0.018503144076524005;0.764801254431902;0.0;0.0;0.23374403670899338;0.26666666666666666;0.29411764705882354;0.16666666666666666;0.888;0.13917525773195877;0.6428888396842686;9
0.0035244025291216404;0.8960535171080203;0.0;0.0;0.3127154741928497;0.6;0.6470588235294118;0.3333333333333333;0.9079999999999999;0.10309278350515463;0.7783474275042589;2
0.0031929261644817936;0.06398718685201664;0.0;0.0;0.08389501526942744;0.13333333333333333;0.1764705882352941;0.16666666666666666;0.9640000000000001;0.03608247422680412;0.27127036383457953;3
0.014046020148644556;0.06715540212591813;0.0;0.0;0.07024247307038946;0.2;0.1764705882352941;0.0;0.988;0.10824742268041238;0.12323405316808204;3
0.015658059619869193;0.40261883576912794;0.00019836654714326999;0.002889451717618521;0.6481405543944605;0.13333333333333333;0.23529411764705882;0.3333333333333333;0.8440000000000001;0.07216494845360824;0.7238975632604214;4
0.0001503207109562069;0.007779337123537761;0.0;0.0;0.02975106214087661;0.13333333333333333;0.23529411764705882;0.3333333333333333;0.84;0.14948453608247422;0.845524979841756;7
0.005557968066176318;0.044498856702150265;0.032461963801965074;0.04114793279349338;0.30475906865895047;0.26666666666666666;0.29411764705882354;0.16666666666666666;0.94;0.05670103092783505;0.7191287668310138;4
0.003998525569666363;0.4808546901939787;0.01945838212781183;0.13389576570470516;0.011673986381864334;0.8666666666666667;1.0;0.6666666666666666;0.9159999999999999;0.17010309278350516;0.7740482245488064;1
0.00471578021600538;0.18956137880597332;0.014638511371504966;0.3136036100310348;0.7884068398904228;0.2;0.3529411764705882;0.5;0.924;0.21649484536082475;0.8946517340121317;4
0.0030581678620989513;0.3126096746665892;0.0;0.0;0.012756608971047594;0.2;0.1764705882352941;0.0;0.9159999999999999;0.19072164948453607;0.7683488772386252;0
0.0;0.0883609025061135;0.11733095964767953;0.48997609959690364;0.36920180928347573;0.06666666666666667;0.11764705882352941;0.16666666666666666;0.7759999999999999;0.05670103092783505;0.390452062609214;0
0.0;0.15321779368887195;0.0;0.0;0.1271955051009668;0.2;0.1764705882352941;0.0;0.94;0.06701030927835051;0.6412703211815564;7
0.004921789450334689;0.45887961071705663;0.0;0.0;0.24014188879529966;0.26666666666666666;0.4117647058823529;0.5;0.9840000000000001;0.36597938144329895;0.44480052044198176;1
0.024151110512831534;0.3329319053117741;0.0;0.0;0.551414914868018;0.3333333333333333;0.29411764705882354;0.0;0.94;0.09278350515463918;0.41499262500959205;4
0.006650886188174562;0.6295631645430857;3.322891398846655e-05;0.0030945671173260086;0.02521311637095691;0.13333333333333333;0.11764705882352941;0.0;0.9640000000000001;0.020618556701030927;0.7355046484070757;9
0.009091423390940231;0.21638572618878382;0.0025062656641604013;0.003290764456176649;0.37525663780093244;0.06666666666666667;0.11764705882352941;0.16666666666666666;0.94;0.06701030927835051;0.7658913009516833;6
0.004419737723117778;0.7824440620754787;0.0035232718195649833;0.04600827596047515;0.11728434145496924;0.26666666666666666;0.29411764705882354;0.16666666666666666;0.88;0.10309278350515463;0.7315713358128014;9
0.018269656032608602;0.7046069460912695;0.00012922355439959213;0.007892483858309849;0.01534009206171766;0.4666666666666667;0.5882352941176471;0.5;0.956;0.041237113402061855;0.37473582657333676;1
0.005454972004188161;0.3235279192831332;0.0006863952434991322;0.035618735062248066;0.3396021930246881;0.26666666666666666;0.4117647058823529;0.5;0.992;0.16494845360824742;0.6819919907918195;1
0.0028994655821287397;0.3999919351308725;0.0;0.0;0.11933032498677495;0.26666666666666666;0.29411764705882354;0.16666666666666666;0.804;0.03608247422680412;0.586594091205213;0
0.024123901212171412;0.13287488955351537;0.0007333856269171658;0.009230192986836942;0.08220051347261176;0.06666666666666667;0.058823529411764705;0.0;0.9159999999999999;0.005154639175257732;0.6851592596239892;7
0.022900048826487253;0.30957202737717054;0.00027825019895392697;0.005020868262405023;0.5860084814202764;0.06666666666666667;0.058823529411764705;0.0;0.9520000000000001;0.08247422680412371;0.7505405803052771;4
0.002605866197253575;0.019326060489617353;0.12761413376752448;0.012083972461028073;0.31331198295835;0.13333333333333333;0.1764705882352941;0.16666666666666666;0.9520000000000001;0.07216494845360824;0.21723872194080873;3
0.00220984039994732;0.629172126851637;0.0;0.0;0.40021092720909673;0.0;0.0;0.0;0.924;0.005154639175257732;0.9232803082717397;8
0.011644297489522618;0.06860780293519404;0.677781234927415;0.204098740769807;0.6390001746528152;0.13333333333333333;0.1764705882352941;0.16666666666666666;0.8240000000000001;0.03608247422680412;0.6279248203287908;0
0.01500055098758718;0.8107738284538047;0.04540479362327071;0.0560500124852852;0.17279996577384532;0.26666666666666666;0.23529411764705882;0.0;0.8240000000000001;0.12886597938144329;0.5052195827286723;9
0.08863717603023309;0.5307479643177963;7.082122072289335e-05;0.0007847893554025613;0.059528897945142864;0.0;0.0;0.0;0.616;0.02577319587628866;0.4479919046420708;6
0.0003338605462658676;0.394170056403727;1.0069367875292894e-05;0.0001426889737095566;0.21274457382599474;0.13333333333333333;0.1764705882352941;0.16666666666666666;0.848;0.05670103092783505;0.687733065422298;0
0.008712247785799423;0.0903868967956283;0.0007726561616308081;0.0022562693967823635;0.16309125920622236;0.26666666666666666;0.4117647058823529;0.5;0.968;0.061855670103092786;0.6276567741474621;1
0.03741324746591879;0.14115589484991092;2.349519170901675e-06;0.00024078764313487675;0.02089456908765859;0.0;0.0;0.0;0.94;0.015463917525773196;0.7420400185742213;7
0.03751234370286602;0.4750077143068524;0.0006068472372843184;0.014420504405522063;0.07428189452549956;0.4;0.4117647058823529;0.16666666666666666;0.924;0.12886597938144329;0.7507673678809461;0
0.007609355079190669;0.25514121849248933;0.001896733262109338;0.04280669211286697;0.8779007025233813;0.13333333333333333;0.1764705882352941;0.16666666666666666;0.8440000000000001;0.05154639175257732;0.8181602008498448;4
0.003294185400443139;0.3074536783279303;0.002818751713890324;0.1022188135411836;0.044208298906464535;0.13333333333333333;0.1764705882352941;0.16666666666666666;0.9359999999999999;0.15463917525773196;0.7539981826996202;0
0.0015940047418410367;0.7018449492110801;0.0;0.0;0.02875648207228964;0.3333333333333333;0.4117647058823529;0.3333333333333333;0.884;0.061855670103092786;0.41707685837267167;9
0.022411962736316054;0.767603215411415;0.003000671626837282;0.150956016123854;0.11637960730823421;0.06666666666666667;0.058823529411764705;0.0;0.8240000000000001;0.09278350515463918;0.7970957667897236;9
0.0030882100529592755;0.18179972086720975;0.002916760227876508;0.10814932401098705;0.2931806217813443;0.5333333333333333;0.47058823529411764;0.0;0.992;0.16494845360824742;0.8133998412838505;0
0.0013614183717959596;0.16019992121064522;0.015630344107221316;0.06993543323939642;0.6532859378191744;0.2;0.23529411764705882;0.16666666666666666;0.9159999999999999;0.20618556701030927;0.6297906209545541;4
0.00918116502231136;0.01814545196773898;9.36451212402239e-05;0.0003299682517033496;0.2292479091852928;0.06666666666666667;0.11764705882352941;0.16666666666666666;0.9279999999999999;0.3402061855670103;0.9205933664786453;7
0.043574531503181566;0.10711591060778206;0.007989036472257382;0.00700067777262512;0.3099515847034493;0.4;0.3529411764705882;0.0;0.992;0.39690721649484534;0.6938314646540168;0
0.0012150658438275321;0.08809955348824962;3.3564559584309645e-06;0.0;0.055952839220302156;0.06666666666666667;0.058823529411764705;0.0;0.852;0.020618556701030927;0.8885748604999791;7
0.009360206086760088;0.2513680218255038;0.021062432430345987;0.7345985089002247;0.0947145807086579;0.2;0.1764705882352941;0.0;0.94;0.41237113402061853;0.6510101409692083;0
5.0079081939880146e-05;0.07906601300682878;0.0795288744158508;0.07437662754610637;0.11082734985371781;0.13333333333333333;0.11764705882352941;0.0;0.7120000000000001;0.3917525773195876;0.6405412824397972;7
0.00838196831121794;0.3108825453687625;0.012380287802672613;0.027949202725359397;0.046801114925275354;0.6;0.6470588235294118;0.3333333333333333;0.956;0.0979381443298969;0.036881256256461555;1
0.014026508754064821;0.5540491530919013;0.10123406816223632;0.10662433560446616;0.2479384301440359;0.2;0.1764705882352941;0.0;0.9;0.22164948453608246;0.6587324606398053;6
0.026817348378805818;0.7879869397152955;0.0005924144766630652;0.02169764206470945;0.18649225665708982;0.2;0.1764705882352941;0.0;0.752;0.010309278350515464;0.7040489866788018;9
0.009152438909724416;0.11627101678941514;0.0;0.0;0.037969410968199904;0.4;0.3529411764705882;0.0;0.904;0.13917525773195877;0.5173797159898675;0
0.007093297317801948;0.5656920351089082;0.011989260683515406;0.182258409731388;0.13602682139219646;0.3333333333333333;0.3529411764705882;0.16666666666666666;0.9359999999999999;0.06701030927835051;0.7196767996989712;0
0.0009584858344388293;0.14298719343716434;0.00016681586113401892;8.918060856847287e-06;0.026913927037937747;0.06666666666666667;0.11764705882352941;0.16666666666666666;0.92;0.05670103092783505;0.6058604304684572;7
0.010835624814544536;0.49323025511249463;0.01163649716228431;0.12851817500802626;0.27965137341579066;0.26666666666666666;0.29411764705882354;0.16666666666666666;0.784;0.22164948453608246;0.6932591758037496;0
0.07247104659640514;0.66800859323039;0.0;0.0;0.08038011478788928;0.13333333333333333;0.11764705882352941;0.0;0.9359999999999999;0.02577319587628866;0.7836107178725533;9
0.005296639140912393;0.4866274475928765;0.0033007387895210103;0.03408482859487033;0.033729864954463666;0.4;0.5294117647058824;0.5;0.8959999999999999;0.020618556701030927;0.6873210301053988;2
0.005397817833016952;0.45030771620492527;0.010077087723997284;0.04966468091178254;0.1260975023952393;0.13333333333333333;0.11764705882352941;0.0;0.92;0.4381443298969072;0.7248482688704668;0
0.015775645387729166;0.9501769351715454;0.00401062922472916;0.1257179038989762;0.03354684178710656;0.2;0.23529411764705882;0.16666666666666666;0.8640000000000001;0.015463917525773196;0.47699377495407425;9
0.003449169809370134;0.3606375313908181;0.0031725221719089477;0.5427710198694395;0.1398776893481365;0.4666666666666667;0.47058823529411764;0.16666666666666666;0.924;0.1134020618556701;0.7112497910118619;0
0.023289964558471158;0.9488265460474191;0.003832065767740632;0.02020832590161595;0.5386596942933439;0.13333333333333333;0.23529411764705882;0.3333333333333333;0.968;0.07216494845360824;0.9848445458701255;8
0.014098478237371988;0.3174295030886281;0.0;0.0;0.25363530311960075;0.13333333333333333;0.11764705882352941;0.0;0.76;0.07731958762886598;0.6182061278532597;6
0.00822131595179699;0.03184782343437144;0.012121505048277584;0.03577034209681447;0.1014009964988565;0.2;0.1764705882352941;0.0;0.96;0.3556701030927835;0.52265896609145;7
0.02015488432421244;0.7517073932227986;0.0018037594320608004;0.006135625869510933;0.08182927164929389;0.13333333333333333;0.1764705882352941;0.16666666666666666;0.9079999999999999;0.03608247422680412;0.7772669816835237;9
0.0013615799603003522;0.8680894007399378;0.0;0.0;0.7127864857347643;0.13333333333333333;0.11764705882352941;0.0;0.8440000000000001;0.041237113402061855;0.9760638334023204;8
0.004658651167840276;0.5436065033369262;0.0076869554359985945;0.34676096029679304;0.4725072278797753;0.5333333333333333;0.5882352941176471;0.3333333333333333;0.976;0.18041237113402062;0.9483817580389122;0
0.009090260554657587;0.5262402641496424;0.004553032507611603;0.1120821888488567;0.21706334084719692;0.0;0.0;0.0;0.932;0.07731958762886598;0.5906964574501083;6
0.06732570846447793;1.0;1.980309015474269e-05;0.0;0.20474378070188778;0.4666666666666667;0.4117647058823529;0.0;0.98;0.015463917525773196;0.8268409833576784;2
0.004361566863118053;0.48977124746326556;0.0011670397367464463;0.03148075482467092;0.1274552869357424;0.26666666666666666;0.23529411764705882;0.0;0.8759999999999999;0.1134020618556701;0.5593959402656947;0
0.008596909066346092;0.36874453771682125;0.002875140173991964;0.07187065244533228;0.10854565084856593;0.0;0.0;0.0;0.972;0.17010309278350516;0.7400564182430678;6
0.035772893031369934;0.5273343864404832;0.0;0.0;0.08954261415902313;0.0;0.0;0.0;0.968;0.010309278350515464;0.8408438213310453;6
0.04485922538284015;0.16526660745198565;0.004690982847503116;0.14289408910926407;0.10547326724064965;0.26666666666666666;0.29411764705882354;0.16666666666666666;0.956;0.05154639175257732;0.7452966009799041;7
0.0005934816079053697;0.1733153894514456;0.001482546596838957;0.020582884457603538;0.09726025606720372;0.2;0.1764705882352941;0.0;0.956;0.32989690721649484;0.6988326966704339;7
0.014552286197536981;0.39938824365201453;0.0;0.0;0.17580343940981374;0.06666666666666667;0.11764705882352941;0.16666666666666666;0.9;0.02577319587628866;0.8240180440135199;0
0.0;0.09285407273954155;0.0013244575211968585;0.011004887097349552;0.10674663011516136;0.0;0.0;0.0;0.856;0.24742268041237114;0.8601586022517149;7
0.01708608517380847;0.5204344996662881;0.00117610216783421;0.03565440730567545;0.3000295525536568;0.0;0.0;0.0;0.0;0.0;0.04409723522579839;5
0.0017709526675949508;0.24553440604098367;0.003170508298333889;0.06041986230514037;0.3657646376300575;0.26666666666666666;0.29411764705882354;0.16666666666666666;0.92;0.3402061855670103;0.6503977652998636;0
0.008120463274515861;0.4097546722591357;0.0012422243502153;0.014010273606107088;0.031318825657314996;0.3333333333333333;0.3529411764705882;0.16666666666666666;0.956;0.07731958762886598;0.6979308545609898;0
0.0054987786811150725;0.36504400234431267;0.0;0.0;0.254954804995576;0.13333333333333333;0.11764705882352941;0.0;0.9359999999999999;0.4587628865979381;0.8335625035417247;0
0.0094744324663384;0.42078903239776466;0.005028306671325428;0.10061356258695109;0.3307262279965878;0.3333333333333333;0.4117647058823529;0.3333333333333333;0.9279999999999999;0.24742268041237114;0.6729628126965223;1
0.0021072109168389632;0.39668316956329247;0.021417545470747985;0.3221381942710377;0.06089587248694209;0.6;0.5882352941176471;0.16666666666666666;0.924;0.22164948453608246;0.6301183227909265;0
0.007292526595622828;0.49422814128008286;0.009358134857701372;0.14245710412727855;0.280301105144751;0.13333333333333333;0.11764705882352941;0.0;0.8640000000000001;0.03608247422680412;0.7713762816240006;6
0.009105651108514759;0.4573915726378591;0.0004138510196745379;0.00029429600827596047;0.0544239509863938;0.3333333333333333;0.3529411764705882;0.16666666666666666;0.86;0.18556701030927836;0.6738658265925437;0
0.005691524554057741;0.902786044290153;0.0007850750486770026;0.006224806478079406;0.22361286701492172;0.06666666666666667;0.11764705882352941;0.16666666666666666;0.664;0.02577319587628866;0.6116737808954998;9
0.0023667687953700845;0.2833831041379133;0.0002466995129446759;0.00532408233153783;0.8857255336343187;0.2;0.23529411764705882;0.16666666666666666;0.992;0.0979381443298969;0.4092153187379035;4
0.002386725559918536;0.9338922561374466;0.0017074291460538317;0.017871793957121962;0.12960885936009214;0.4666666666666667;0.4117647058823529;0.0;0.968;0.05670103092783505;0.6225127364999282;2
0.009428048385994316;0.4441502312355247;0.00015641084766288295;0.002113580423072807;0.16516984288839298;0.3333333333333333;0.4117647058823529;0.3333333333333333;0.768;0.11855670103092783;0.7501706121267816;0
0.003647426467954604;0.6929686969193519;0.0009461849346816889;0.06324688759676096;0.4987396934771631;0.2;0.29411764705882354;0.3333333333333333;0.892;0.04639175257731959;0.7666592898795154;8
0.010078933391968687;0.6396072927799277;0.008371001160326826;0.12712695751435807;0.11692690283827711;0.4;0.5294117647058824;0.5;0.956;0.13917525773195877;0.7619174093879706;2
0.17644730236557946;0.25342996327424355;0.004584583193620854;0.013600042806692112;0.04044690111121275;0.6;0.6470588235294118;0.3333333333333333;0.9640000000000001;0.15979381443298968;0.3126287354036997;1
0.01268268733701117;0.7261429782763645;0.01745726308539529;0.301564227874291;0.42591110113093783;0.0;0.0;0.0;0.584;0.18041237113402062;0.6994734295751343;8
0.00814189344912012;0.343980512611139;0.00023763708185691227;0.005805657617807583;0.23107066074224872;0.2;0.1764705882352941;0.0;0.72;0.030927835051546393;0.2678308421072419;3
0.0;0.013311829598069707;0.0026844934755530852;0.007027431955195662;0.6755942004167141;0.3333333333333333;0.29411764705882354;0.0;0.9;0.07731958762886598;0.6313775715266727;4
0.002740642945431599;0.8905374293985013;0.0003000671626837282;0.0069471694074840365;0.7779121592082014;0.4;0.5294117647058824;0.5;0.924;0.07731958762886598;0.7271269602173301;2
0.013701564120617259;0.3176659253856283;0.00430230524751681;0.05672778511040559;0.02206293148848964;0.13333333333333333;0.11764705882352941;0.0;0.9159999999999999;0.03608247422680412;0.6751643418967647;6
0.004083634051306687;0.003944294298772799;0.00031349298651745205;0.00041914886027182247;0.36253192190700145;0.3333333333333333;0.29411764705882354;0.0;0.932;0.05154639175257732;0.32829106925666557;4
0.02032367812344949;0.7417917412176385;0.0;0.0;0.5263766315531072;0.0;0.058823529411764705;0.16666666666666666;0.8320000000000001;0.04639175257731959;0.657423762510169;8
0.031342035331572544;0.8094730835961256;0.00033161784869297926;0.004236078907002461;0.037613755644935284;0.3333333333333333;0.29411764705882354;0.0;0.884;0.16494845360824742;0.5808738509402177;9
0.0005007908193988014;0.07735943324345256;0.0001889684704596633;0.0017836121713694574;0.3504504256659871;0.26666666666666666;0.23529411764705882;0.0;0.8079999999999999;0.015463917525773196;0.7080174763063579;4
0.00835403870642925;0.3127553923644051;0.0;0.0;0.09550522424395148;0.0;0.0;0.0;0.504;0.0;0.4549673158254991;6
0.0044184060368638615;0.9131268527990947;0.00013425823833723856;0.0026932543787678807;0.11242048320634039;0.2;0.1764705882352941;0.0;0.884;0.03608247422680412;0.6490374265354246;9
0.05701249110505154;0.5594516470035449;8.055494300234314e-06;0.0;0.1100514153253687;0.26666666666666666;0.23529411764705882;0.0;0.8640000000000001;0.061855670103092786;0.9186236986899824;9
0.013893658297773614;0.6614104108086291;0.0021840458921510287;0.04291370884314914;0.09455973757471968;0.13333333333333333;0.11764705882352941;0.0;0.9359999999999999;0.010309278350515464;0.69681154057923;9
0.012844394111502367;0.11673297652162426;0.23313137537831455;0.21818035886276888;0.6090311441334514;0.3333333333333333;0.3529411764705882;0.16666666666666666;0.9520000000000001;0.10824742268041238;0.48479169829513996;4
0.001432453713294675;0.23880759631650122;0.002258223568832353;0.0637462990047444;0.47397807104512424;0.4;0.5294117647058824;0.5;0.94;0.20103092783505155;0.28685949617957757;1
0.0077789507279947155;0.021788704302464365;0.009395727164435798;0.05249170620340313;0.023505605433880243;0.3333333333333333;0.3529411764705882;0.16666666666666666;0.9440000000000001;0.27319587628865977;0.33100118898841263;3
0.0052103819285975045;0.43152315628453614;0.0023230031688300703;0.0911693361395498;0.5777405615361907;0.6666666666666666;0.5882352941176471;0.0;0.872;0.4175257731958763;0.5787091392744759;0
0.009292059974428757;0.06479421607109175;0.007256993427723588;0.0775692933328577;0.015479387150553926;0.0;0.0;0.0;0.7759999999999999;0.020618556701030927;0.4465923227448983;7
0.00601989175889535;0.09420983456946888;0.004707093836103585;0.0011950201548175364;0.03000386079159177;0.06666666666666667;0.11764705882352941;0.16666666666666666;0.912;0.06701030927835051;0.6838794577515401;7
0.00738117324786734;0.5098219414797294;0.0010364735999634819;0.03846359647558235;0.008574582493808337;0.06666666666666667;0.11764705882352941;0.16666666666666666;0.8959999999999999;0.3865979381443299;0.6925120095235321;6
0.031700573013185386;0.19533058797234393;0.0;0.0;0.3582876016719007;0.13333333333333333;0.11764705882352941;0.0;0.9840000000000001;0.08247422680412371;0.512280077336039;4
0.004676703424902555;0.666359889168086;0.0035309916682693746;0.013778404023829058;0.019653302774519273;0.3333333333333333;0.3529411764705882;0.16666666666666666;0.8959999999999999;0.11855670103092783;0.50772688963828;9
0.007630239892592603;0.4984826386454432;0.0029473039770982297;0.060892519530553274;0.10954848931201712;0.06666666666666667;0.058823529411764705;0.0;0.92;0.05670103092783505;0.7353138463974338;6
0.01128518356460693;0.6536705923185401;0.0014076976289659465;0.02653123104912068;0.05969664467357598;0.2;0.1764705882352941;0.0;0.868;0.07731958762886598;0.743012378800358;9
0.02582115216101489;0.549766173025918;0.0;0.0;0.287285515614904;0.13333333333333333;0.11764705882352941;0.0;0.9520000000000001;0.08247422680412371;0.8691386824890975;8
0.0;0.00216584345864353;1.87961533672134e-05;0.00024078764313487675;0.043658959945032105;0.06666666666666667;0.058823529411764705;0.0;0.9;0.34536082474226804;0.7344899866852241;7
0.01681586320517366;0.6156506842549511;0.005694227533478131;0.12238254913851532;0.06429579184047383;0.0;0.0;0.0;0.8959999999999999;0.10824742268041238;0.6924572753721456;6
0.01833773170036467;0.7296809534674094;0.009268517483611264;0.09594941675881996;0.06107957479145962;0.6;0.5882352941176471;0.16666666666666666;0.9359999999999999;0.25257731958762886;0.6353811678803166;2
0.011086537290764966;0.6088047840710702;0.0013546656248227373;0.03140941033781614;0.04567503595231568;0.3333333333333333;0.3529411764705882;0.16666666666666666;0.508;0.37628865979381443;0.5564694032695562;9
0.001864627092735955;0.6008488255389068;0.03915876473022653;0.43170548995826347;0.5986142081832815;0.06666666666666667;0.11764705882352941;0.16666666666666666;0.888;0.5;0.5844379218636776;0
0.0037627557558475044;0.3268498435252696;0.0004504363896214354;0.012351514286733492;0.1437632511193399;0.26666666666666666;0.23529411764705882;0.0;0.9159999999999999;0.08762886597938144;0.6967916670787456;0
0.014347024310040486;0.6800738698627622;0.0007538600082635946;0.001685513501944137;0.6689427558049394;0.0;0.0;0.0;0.68;0.05670103092783505;0.5241499239065232;8
0.008653812424781918;0.006468935340434707;0.04766201025531554;0.06963221917026362;0.4688889879149523;0.26666666666666666;0.29411764705882354;0.16666666666666666;0.8;0.05670103092783505;0.65609807347505;4
0.002451891048757942;0.0865906521116826;0.0;0.0;0.4343361172649008;0.3333333333333333;0.29411764705882354;0.0;0.9640000000000001;0.07216494845360824;0.8402690248574839;4
0.0022535586872946063;0.03473685556098293;0.0;0.0;0.09499484819166945;0.2;0.1764705882352941;0.0;0.868;0.1134020618556701;0.4656694887818547;7
0.004688016873768729;0.39778039849440294;0.0052038493179513675;0.1038419006171298;0.07972382980425465;0.2;0.1764705882352941;0.0;0.856;0.2268041237113402;0.72142926512623;0
0.014666749117312323;0.5770369391923588;0.0;0.0;0.1385612033376811;0.06666666666666667;0.1764705882352941;0.3333333333333333;0.86;0.0;0.8494108936686648;9
0.010577584248731058;0.5661431448418737;0.0011187067709450404;0.03841008811044126;0.11233937431280022;0.26666666666666666;0.29411764705882354;0.16666666666666666;0.96;0.06701030927835051;0.7739095084528697;9
0.0;0.05725457445032417;0.0;0.0;0.4956251922528065;0.13333333333333333;0.1764705882352941;0.16666666666666666;0.8759999999999999;0.07216494845360824;0.7601399028813902;4
0.022686279170690264;0.9000603548155064;0.0022844039253081144;0.028082973638212105;0.5117137257542328;0.8;0.8235294117647058;0.3333333333333333;0.8959999999999999;0.18556701030927836;0.5030059138194086;2
0.007663450253106717;0.19797392436454306;0.0014211234527996704;0.007473334998038026;0.33898605309166063;0.06666666666666667;0.058823529411764705;0.0;0.9279999999999999;0.31958762886597936;0.8809077671311333;7
0.0115670645277733;0.9253903694926372;0.0028167378403152654;0.014768308778939107;0.4360636901839198;0.26666666666666666;0.23529411764705882;0.0;0.8959999999999999;0.08247422680412371;0.8223786677095885;8
0.011815867088806465;0.09079383568197147;0.0022541958216822358;0.006866906859772411;0.02414248373878731;0.3333333333333333;0.3529411764705882;0.16666666666666666;0.9640000000000001;0.4845360824742268;0.20664543139393454;3
0.0027974704340582883;0.9203684467612115;0.0;0.0;0.06817511273135479;0.06666666666666667;0.058823529411764705;0.0;0.956;0.08247422680412371;0.4880546200662454;9
0.049875587843976124;0.7424236093814328;0.007217387247414103;0.12961509649341846;0.16091182367909862;0.2;0.23529411764705882;0.16666666666666666;0.8759999999999999;0.5927835051546392;0.2545541368448946;9
0.0196925947203347;0.8519216080775748;0.002805661535652443;0.11129739949345414;0.02503432495313413;0.0;0.0;0.0;0.94;0.041237113402061855;0.7431512589464159;9
0.011150942245279979;0.8591882953260543;0.0013905797035779486;0.005047622444975564;0.1599660038257929;0.13333333333333333;0.11764705882352941;0.0;0.8640000000000001;0.09278350515463918;0.6751484407528048;9
0.005050926793095463;0.2225354058213481;0.0009982100020373688;0.05253629650768737;0.24005588263011016;0.06666666666666667;0.11764705882352941;0.16666666666666666;0.86;0.05670103092783505;0.6014685157583967;6
0.005007908193988014;0.3773284985437141;0.00466648071900657;0.08521207148717583;0.09150687522060602;0.2;0.23529411764705882;0.16666666666666666;0.532;0.08247422680412371;0.4842399274279763;3
0.007046612679501089;0.44199296396336035;0.002227679819610631;0.03999750294296008;0.15325640598108248;0.2;0.23529411764705882;0.16666666666666666;0.84;0.07216494845360824;0.8340217384222677;9
0.0021753061154369886;0.3858524105707894;0.0061248608329448236;0.087771554953091;0.25608987476561645;0.13333333333333333;0.11764705882352941;0.0;0.7959999999999999;0.15463917525773196;0.8604179889301787;6
0.011342259695875448;0.74381538809568;0.0;0.0;0.021643635638802797;0.06666666666666667;0.058823529411764705;0.0;0.9840000000000001;0.041237113402061855;0.45993743690808186;9
0.004724411512707992;0.38173704962915944;0.12030679350042443;0.6864677344558199;0.1580087543930309;0.06666666666666667;0.058823529411764705;0.0;0.836;0.14432989690721648;0.7429694211041481;0
0.0;0.10168171114675703;0.039782394247303;0.06675168551350194;0.12581330430786403;0.6;0.5294117647058824;0.0;0.924;0.13917525773195877;0.5922171903623094;0
0.03280820119778237;0.3049369627052098;0.0017520700103009635;0.029688224592444617;0.20464555005903384;0.2;0.3529411764705882;0.5;0.88;0.030927835051546393;0.8656341500420213;1
0.003772570588186628;0.30764609247019353;6.511524559356071e-05;0.00044590304284236436;0.01915435724538251;0.2;0.23529411764705882;0.16666666666666666;0.7240000000000001;0.08247422680412371;0.15517816241646337;3
0.030764679939238055;0.6362265438007223;0.0;0.0;0.4004981758923342;0.26666666666666666;0.23529411764705882;0.0;0.68;0.05670103092783505;0.99909532216702;8
2.0866284141616726e-05;0.04329107863557287;0.00029771764351282654;2.675418257054186e-05;0.921668695986966;0.2;0.1764705882352941;0.0;0.9159999999999999;0.041237113402061855;0.5448665599903414;4
0.00973252820260715;0.5243687922877841;0.0002258894860024039;0.0012217743373880783;0.021186606689101876;0.13333333333333333;0.1764705882352941;0.16666666666666666;0.904;0.041237113402061855;0.6718804802993847;9
0.013778351462002451;0.8086280464539565;0.021015442046927953;0.03145400064210038;0.033130367103775725;0.13333333333333333;0.11764705882352941;0.0;0.84;0.0979381443298969;0.6267733173695429;9
0.018209246637646163;0.2864308383241652;0.0016171404807720387;0.10023008597010666;0.11320515222476786;0.13333333333333333;0.1764705882352941;0.16666666666666666;0.924;0.041237113402061855;0.6224673766412211;0
0.016543088038011283;0.07635997826126537;0.0001990378383349562;0.007874647736596154;0.0400758176724323;0.2;0.23529411764705882;0.16666666666666666;0.948;0.29381443298969073;0.7222467737551467;7
0.03478042227994966;0.7061838023185149;6.343701761434523e-05;0.0;0.509744898490475;0.4;0.3529411764705882;0.0;0.848;0.08247422680412371;0.6761603722119152;8
0.007569138738578301;0.34494682105868246;0.0027432314548256273;0.23088859558377625;0.1913751796733849;0.26666666666666666;0.23529411764705882;0.0;0.94;0.25773195876288657;0.7701686149337271;0
0.005496822592174501;0.44275642274634014;0.0;0.0;0.07768465083182692;0.06666666666666667;0.058823529411764705;0.0;0.972;0.05670103092783505;0.3988033973186635;3
1.0;0.6108218806639529;0.05516973094313392;0.20263617878928405;0.019295014647284642;0.0;0.0;0.0;0.4;0.18556701030927836;0.2683009511672945;5
0.00011616686053834521;0.1673254926174684;0.4891880162439043;0.39516819462776015;0.3782051552402137;0.6;0.5294117647058824;0.0;0.972;0.4690721649484536;0.7101540650940572;0
0.010487130993605563;0.14801295104872358;0.0;0.0;0.016572236467778362;0.26666666666666666;0.23529411764705882;0.0;0.8759999999999999;0.17010309278350516;0.7091123116663582;7
0.009563990140548536;0.6108696074903338;0.0009330947564438081;0.005743231191809653;0.029868393504445055;0.2;0.23529411764705882;0.16666666666666666;0.972;0.06701030927835051;0.7895784980536382;9
0.00048409779208550803;0.026852527941362753;0.044537821049208;0.023365319444939893;0.05431480512283275;0.06666666666666667;0.058823529411764705;0.0;0.68;0.020618556701030927;0.54320373623684;7
0.0018308327266612849;0.3901217671282598;0.004206310607105685;0.14922591231762564;0.09464683683755999;0.06666666666666667;0.11764705882352941;0.16666666666666666;0.932;0.25257731958762886;0.6630547243552525;6
0.003482452116831968;0.4130872489460859;0.058518802698456336;0.23813006099953626;0.6346608685315178;0.2;0.29411764705882354;0.3333333333333333;0.9520000000000001;0.6288659793814433;0.590298964004732;0
0.0008346513656646691;0.679624274713769;0.04533565063052704;0.011379445653337138;0.03617546353947538;0.0;0.0;0.0;0.5;0.02577319587628866;0.4474159363819259;6
0.0008667839408703007;0.22997822640280116;0.0011643545719797015;0.022687546819819496;0.6003729446702868;0.0;0.058823529411764705;0.16666666666666666;0.84;0.030927835051546393;0.8906973292593288;4
0.0028188441027650925;0.5242774834044596;0.0001315730735704938;0.004209324724431919;0.06953628813781475;0.3333333333333333;0.4117647058823529;0.3333333333333333;0.828;0.23195876288659795;0.799531489256847;0
0.013950102514493192;0.34409134064697905;0.0006585366590441552;0.00867727321371241;0.07391252034338841;0.13333333333333333;0.1764705882352941;0.16666666666666666;0.924;0.020618556701030927;0.6449163702944986;0
0.03249617713440557;0.6804816609446885;0.00952360813645202;0.08962651161131523;0.03789073268403159;0.0;0.058823529411764705;0.16666666666666666;0.748;0.07731958762886598;0.6397466705207495;9
0.008222685948548593;0.12026970440821413;0.00010002238756124274;0.009283701351978025;0.3817099015130381;0.0;0.0;0.0;0.852;0.04639175257731959;0.6020775284002388;6
0.019770754979751275;0.4802601094606492;0.0017007162341369697;0.04451895979738166;0.26142499079044773;0.4;0.47058823529411764;0.3333333333333333;0.912;0.13917525773195877;0.7380107366586356;1
0.009527412212169375;0.14826178053871936;0.0012955919999543522;0.021902757464416937;0.18835727777394687;0.2;0.23529411764705882;0.16666666666666666;0.956;0.22164948453608246;0.660730438792362;7
0.0;0.3252710466162607;0.0;0.0;0.17761667848803953;0.06666666666666667;0.058823529411764705;0.0;0.9079999999999999;0.06701030927835051;0.859631087366861;6
0.008080963565566054;0.3151254606213978;0.0;0.0;0.2567259912557711;0.13333333333333333;0.11764705882352941;0.0;0.644;0.6288659793814433;0.7641001900028512;0
0.0033920192271997963;0.5339614699134282;0.0012791453657580406;0.038115792102165306;0.07604557700085356;0.06666666666666667;0.058823529411764705;0.0;0.9359999999999999;0.041237113402061855;0.5444086843822369;6
0.0010913677570865215;0.3179292654422683;0.0074627441779754064;0.02231298826383191;0.4582481459377909;0.4;0.3529411764705882;0.0;0.9159999999999999;0.17525773195876287;0.44100674419425506;4
0.0032196151434805602;0.39925566526067324;0.005605281450579711;0.11522134627046694;0.12092727582974377;0.13333333333333333;0.11764705882352941;0.0;0.94;0.11855670103092783;0.6973489687785908;6
0.0068856320516980235;0.3679999744341325;1.0069367875292894e-05;0.0;0.1923260231039228;0.13333333333333333;0.29411764705882354;0.5;0.9079999999999999;0.06701030927835051;0.8323475952103566;1
0.16755812660219377;0.7162040342164276;0.0;0.0;0.09247661353845567;0.13333333333333333;0.1764705882352941;0.16666666666666666;0.82;0.005154639175257732;0.751429392147897;9
0.0068715309507356645;0.08837499472219783;0.16438008104498558;0.09231976599008311;0.12619457552867255;0.3333333333333333;0.3529411764705882;0.16666666666666666;0.9079999999999999;0.12886597938144329;0.7871712734362588;0
0.0025789814090444235;0.3483097901390901;0.0013090178237880762;0.017898548139692504;0.09511816721520819;0.2;0.23529411764705882;0.16666666666666666;0.84;0.05154639175257732;0.6069884859781441;0
0.054217951215403244;0.5264944392301268;0.04826717926462064;0.18535297684871402;0.40249949992405193;0.0;0.0;0.0;0.7120000000000001;0.0979381443298969;0.5719950716531088;8
0.0033781639310646264;0.3607760983929531;0.0026398526113059536;0.10065815289123532;0.14498033786149958;0.13333333333333333;0.23529411764705882;0.3333333333333333;0.888;0.20618556701030927;0.6196704743949876;0
0.020978990454127888;0.5274201018218774;0.0006974715481619544;0.016578675132879105;0.0938820018107837;0.06666666666666667;0.058823529411764705;0.0;0.784;0.05154639175257732;0.82473906773503;6
2.5039540969940073e-05;0.004710239943414216;0.02799049317414334;0.039828059786679984;0.0421757386099035;0.0;0.058823529411764705;0.16666666666666666;0.9359999999999999;0.08247422680412371;0.6760399945760354;7
0.006552013220467652;0.19325667317563328;3.020810362587868e-05;0.0006956087468340884;0.0456559209138567;0.06666666666666667;0.058823529411764705;0.0;0.96;0.14948453608247422;0.4319093446839778;7
0.010792690932550702;0.11914633244072302;0.06949777013848402;0.09230192986836942;0.05119182676182159;0.26666666666666666;0.29411764705882354;0.16666666666666666;0.84;0.3247422680412371;0.568222621921229;7
0.09285460177417605;0.8073882452014601;0.0071019251624440775;0.0038704384118717224;0.0943869818570124;0.06666666666666667;0.058823529411764705;0.0;0.8640000000000001;0.015463917525773196;0.7198767533618449;9
0.014938705825345526;0.5800728743433727;0.002438465253800096;0.07912103592194913;0.07878825954725553;0.26666666666666666;0.29411764705882354;0.16666666666666666;0.784;0.02577319587628866;0.8342261448741636;9
0.0835973914990087;0.8444596440843877;0.0003752517761525818;0.0019530553276495557;0.44991142883777957;0.26666666666666666;0.3529411764705882;0.3333333333333333;0.8959999999999999;0.11855670103092783;0.7916278942015451;8
0.007760263468173439;0.5538190951464752;0.00043835314817108396;0.0006421003816930046;1.0;0.13333333333333333;0.11764705882352941;0.0;0.996;0.1134020618556701;0.31007229548258086;4
0.0;0.013444934801227321;0.0973281603634102;0.16350372774943817;0.3813237709042546;0.13333333333333333;0.1764705882352941;0.16666666666666666;0.8640000000000001;0.25773195876288657;0.5475533728869117;4
0.006071171486824739;0.49183048512783145;0.0;0.0;0.5500775194651977;0.0;0.0;0.0;0.968;0.09278350515463918;0.9160246057371706;8
0.012175869667031177;0.5826803139333593;0.0004762811005013538;0.010799771697642064;0.44936079819554164;0.2;0.23529411764705882;0.16666666666666666;0.688;0.03608247422680412;0.7392008617037316;8
0.008485253579904302;0.37658721234041226;0.0015664579957997311;0.025942639032568757;0.11154618358818101;0.06666666666666667;0.11764705882352941;0.16666666666666666;0.9;0.10824742268041238;0.7511549128582177;0
0.0035396905877911103;0.587735917758477;0.1294319903146107;0.24445296614704098;0.07027170298824084;0.2;0.1764705882352941;0.0;0.852;0.16494845360824742;0.6243364817051538;6
0.0035940276436729293;0.35095724805902784;0.0;0.0;0.06381899132317864;0.06666666666666667;0.058823529411764705;0.0;0.948;0.28350515463917525;0.7638638289307839;6
0.0008680374202912558;0.012995808359806278;0.0;0.0;0.05940600488352371;0.26666666666666666;0.23529411764705882;0.0;0.92;0.08247422680412371;0.6512847608732774;7
0.01728910001289832;0.19319732162674863;0.0022676216455159597;0.03327328505689723;0.1226376609351896;0.4666666666666667;0.5882352941176471;0.5;0.94;0.26288659793814434;0.7479491274009971;1
0.008942055267587658;0.4781166593778119;0.0010908481864900634;0.045107551813933576;0.10601360795799072;0.4666666666666667;0.4117647058823529;0.0;0.872;0.12886597938144329;0.8324835458899524;0
0.01908008681722332;0.7796196186269814;0.0018453794859453442;0.0463560803338922;0.12765752055649404;0.13333333333333333;0.11764705882352941;0.0;0.88;0.0;0.6112127648993483;9
0.008049404061988086;0.3212193020750576;0.00012754532642037664;0.005154639175257732;0.9269070313969724;0.4;0.47058823529411764;0.3333333333333333;0.9440000000000001;0.27319587628865977;0.2731413437570474;4
0.000298282196362226;0.189769380380211;0.35352442979687065;0.1549334712660079;0.01572377068615785;0.3333333333333333;0.29411764705882354;0.0;0.768;0.13917525773195877;0.49260022630480016;0
0.006109906237797915;0.9029388197168621;0.0;0.0;0.04867374907634188;0.0;0.0;0.0;0.94;0.010309278350515464;0.6959687916672829;9
0.005738837684836945;0.6774090194056552;0.0028385548040450667;0.03882923697071309;0.3190655798673033;0.06666666666666667;0.058823529411764705;0.0;0.9359999999999999;0.0979381443298969;0.8130181552395057;8
0.010843508680949195;0.781856914811818;0.00030980088496317804;0.03467342061142225;0.08361624907968228;0.06666666666666667;0.058823529411764705;0.0;0.836;0.05670103092783505;0.8228384884834224;9
0.0056088571772665765;0.04549146313072642;0.0007847394030811595;0.011441872079335069;0.0304498412763202;0.0;0.0;0.0;0.932;0.04639175257731959;0.555092893850244;7
0.006962404452823771;0.04563045623065369;0.002318304130488267;0.0019084650233653193;0.0;0.13333333333333333;0.11764705882352941;0.0;0.948;0.03608247422680412;0.2933174815606488;3
0.0023483156552568775;0.3219774656245606;0.0;0.0;0.32171146430662184;0.0;0.0;0.0;0.8079999999999999;0.061855670103092786;0.7008586102151759;6
0.011520149024904697;0.41425018603042274;0.027197362631166105;0.18818892020119143;0.11574905268459121;0.06666666666666667;0.058823529411764705;0.0;0.86;0.04639175257731959;0.6236394444550455;6
0.0489074305703028;0.19323476400186407;0.00021615576372295412;0.006126707808654086;0.6338487810080765;0.2;0.29411764705882354;0.3333333333333333;0.932;0.030927835051546393;0.7844439050059797;4
0.009097699885744893;0.01928154489114557;0.00666860669821064;0.007045268076909357;0.13831331282712808;0.13333333333333333;0.1764705882352941;0.16666666666666666;0.904;0.15463917525773196;0.7555348987808416;7
0.023442989790247528;0.32314573667853663;0.0;0.0;0.021348823754582115;0.2;0.23529411764705882;0.16666666666666666;0.764;0.03608247422680412;0.5333868714812141;0
0.008878133659678503;0.3462179637406274;0.0;0.0;0.17646496107429102;0.06666666666666667;0.058823529411764705;0.0;0.972;0.07731958762886598;0.6494175658214799;6
0.004571166183366496;0.21994614123902267;0.0;0.0;0.28933664816643645;0.06666666666666667;0.058823529411764705;0.0;0.9640000000000001;0.02577319587628866;0.8298235786240445;6
0.011742722082515894;0.6825207054475054;0.0;0.0;0.5562086407265937;0.2;0.1764705882352941;0.0;0.86;0.10309278350515463;0.8924078564447058;8
0.04014607114696143;0.8770391006702514;0.0;0.0;0.03179137102197494;0.13333333333333333;0.1764705882352941;0.16666666666666666;0.852;0.14432989690721648;0.6226385043540997;9
0.018179611005466053;0.3842230590955029;0.0;0.0;0.11806133697018525;0.0;0.058823529411764705;0.16666666666666666;0.9440000000000001;0.03608247422680412;0.7769288392286782;0
0.04819470315643628;0.0721787348536761;0.18667668233124662;0.020886098526736344;0.030588143571065103;0.6666666666666666;0.8235294117647058;0.6666666666666666;0.9520000000000001;0.22164948453608246;0.20793581449924725;1
0.009239128054121035;0.3934875213387839;0.032468676713881935;0.14147611743302535;0.039754064762143014;0.26666666666666666;0.29411764705882354;0.16666666666666666;0.9159999999999999;0.18041237113402062;0.6692166930092098;0
0.006391061054276155;0.6277586713805996;0.00141676006005371;0.021751150429850534;0.4028317217716142;0.4666666666666667;0.5882352941176471;0.5;0.892;0.08762886597938144;0.6330171235985963;2
0.04236463682535514;0.3856805498365911;7.58559046605398e-05;0.0025327292833446295;0.09958865971881355;0.06666666666666667;0.058823529411764705;0.0;0.888;0.05154639175257732;0.7829347024737777;6
0.0016526097040160447;0.46317258083946683;0.0003108078217507073;0.006581528912353298;0.23680172227014712;0.26666666666666666;0.29411764705882354;0.16666666666666666;0.884;0.14948453608247422;0.8552599132793555;9
0.004974522139361427;0.8180415228425184;0.0016332514693725073;0.04609745656904363;0.07427037813853568;0.3333333333333333;0.4117647058823529;0.3333333333333333;0.98;0.10309278350515463;0.8140475697544637;9
0.0;0.3651692944634016;0.0004249273243373601;0.007838975493168764;0.32849109085721867;0.26666666666666666;0.23529411764705882;0.0;0.872;0.04639175257731959;0.6830177493326316;6
0.015872425467136676;0.25220155045365866;0.0003755874217484249;0.003540470160168373;0.46263696944099414;0.26666666666666666;0.23529411764705882;0.0;0.9640000000000001;0.07216494845360824;0.8057672101584705;4
0.016817916864858878;0.35549887723231677;0.025773889659195533;0.06288124710163022;0.25438666582900304;0.2;0.1764705882352941;0.0;0.884;0.061855670103092786;0.7470893758656854;6
0.0002503954096994007;0.06165431693231283;0.0;0.0;0.35107820392239036;0.4;0.3529411764705882;0.0;0.8959999999999999;0.16494845360824742;0.5486403924303902;0
0.007585019900508212;0.08114848074832075;0.0034326475086873475;0.016320051368030535;0.455751415778555;0.4;0.3529411764705882;0.0;0.9159999999999999;0.24742268041237114;0.6981320385997757;0
0.007837543253864375;0.6220395790618596;0.003351421274493318;0.0714604216459173;0.10439651620019422;0.26666666666666666;0.23529411764705882;0.0;0.9;0.08247422680412371;0.9100118406690855;9
0.009637718067352885;0.8009905766536356;0.0018014099128898986;0.03234580672778511;0.027415742003542895;0.0;0.0;0.0;0.728;0.020618556701030927;0.6577118696778348;9
0.003342047397960404;0.34436627831080924;0.0020652273512225725;0.17766560839011164;0.10577079055445975;0.0;0.0;0.0;0.027999999999999997;0.0;0.11227996953167398;5
0.01141949658048619;0.2289585046601541;0.03724994822666684;0.34479898690828664;0.0637024863251608;0.0;0.0;0.0;0.0;0.0;0.0;5
0.005705637256674081;0.49819496840484834;0.003908928609188701;0.11622908714729069;0.0326419526783625;0.13333333333333333;0.11764705882352941;0.0;0.924;0.2268041237113402;0.7188116462275054;6
0.07367953138114468;0.5197253877199391;0.0;0.0;0.21833884491780312;0.26666666666666666;0.23529411764705882;0.0;0.9640000000000001;0.030927835051546393;0.6561620413047268;0
0.0015278782354192046;0.1200468552627145;0.008173641549971085;0.010603574358791425;0.41184533603890844;0.06666666666666667;0.058823529411764705;0.0;0.932;0.03608247422680412;0.7428152842967518;6
0.030161323153699817;0.7949952683776949;0.0026717389429110477;0.06338957657047051;0.29003072934019186;0.2;0.1764705882352941;0.0;0.644;0.08247422680412371;0.6404513712551271;9
0.008774713260936042;0.5276987775254333;0.013538265108331294;0.19778475368315912;0.037447809566111524;0.4666666666666667;0.5882352941176471;0.5;0.904;0.10824742268041238;0.6691651109637363;2
0.005758718829971667;0.20068392569319335;0.0037192888475373518;0.1459529839831627;0.21025503788926528;0.2;0.23529411764705882;0.16666666666666666;0.892;0.23195876288659795;0.5147811269052841;7
0.005262476860515739;0.5237808548063952;0.0011230701636910007;0.012289087860735562;0.03734871609785082;0.06666666666666667;0.058823529411764705;0.0;0.9840000000000001;0.030927835051546393;0.39923782547720055;3
0.010508750383674418;0.2817102635724739;0.0;0.0;0.14718222311765267;0.2;0.1764705882352941;0.0;0.932;0.02577319587628866;0.7024636063007054;6
0.0;0.0006817952042306088;0.001249272907728005;0.0007312809902614775;0.40676876709282206;0.06666666666666667;0.11764705882352941;0.16666666666666666;0.816;0.03608247422680412;0.8182080214603809;4
0.3242120022695112;0.7637308464200228;0.0001033788435196737;0.006483430242927977;0.0859861055075411;0.4;0.3529411764705882;0.0;0.8959999999999999;0.12371134020618557;0.0;2
0.0018775816331172996;0.025104519851702478;0.042047330728052223;0.023088859558377625;0.027560242584127627;0.26666666666666666;0.23529411764705882;0.0;0.9440000000000001;0.06701030927835051;0.5789833607711062;7
0.018743210675573305;0.010465089614176198;0.005002797606041352;0.24495237755502441;0.014977572184948771;0.4;0.47058823529411764;0.3333333333333333;0.9359999999999999;0.061855670103092786;0.4018668107057992;3
0.0011059008735957475;0.030703967783907986;0.014518350248193137;0.012734990903577926;0.03280213879945468;0.3333333333333333;0.3529411764705882;0.16666666666666666;0.7759999999999999;0.04639175257731959;0.6769960318150395;0
0.009986530641648407;0.1466111203001898;0.30087439034173086;0.6334676987835764;0.016436642722837423;0.0;0.0;0.0;0.0;0.0;0.008287929337331721;5
0.04048090831879027;0.23101954355629742;0.0001520474549169227;0.0022473513359255164;0.15229866434335604;0.26666666666666666;0.29411764705882354;0.16666666666666666;0.9640000000000001;0.3402061855670103;0.7413598667688032;0
0.0019821618633974877;0.2046224134411387;0.0004886999875475484;0.0033442728213177327;0.0645685580700417;0.4;0.4117647058823529;0.16666666666666666;0.9520000000000001;0.14948453608247422;0.5953004538141939;0
0.005682803866193866;0.5142257628796777;0.0019826585346451706;0.02958120786216245;0.12072502249157777;0.13333333333333333;0.11764705882352941;0.0;0.948;0.05670103092783505;0.6765051001073668;6
0.010018868457624855;0.7073993198704508;0.0006535019751065088;0.009676096029679306;0.18007941900865967;0.26666666666666666;0.29411764705882354;0.16666666666666666;0.88;0.020618556701030927;0.6498441781634946;9
0.0054317285494919956;0.5770174742704723;0.0009005371336470278;0.002291941640209753;0.27078559708991845;0.06666666666666667;0.1764705882352941;0.3333333333333333;0.7240000000000001;0.0;0.6185345327615813;9
0.0014606398899131708;0.05918686983525898;0.01612206490513145;0.03454856775942639;0.1328995427175718;0.2;0.1764705882352941;0.0;0.968;0.08247422680412371;0.5988674307683897;7
0.0005007908193988014;0.3245982343282202;0.0;0.0;0.4390273184449759;0.26666666666666666;0.3529411764705882;0.3333333333333333;0.872;0.015463917525773196;0.9188374442809618;4
0.07476271129179916;0.5888482537931424;0.00029671070672529726;0.00502978632326187;0.03578628407460071;0.26666666666666666;0.3529411764705882;0.3333333333333333;0.892;0.020618556701030927;0.6305919003392707;0
0.0088707287996926;0.36590869808918486;0.02061400991429961;0.10556308636250133;0.1268603124102977;0.06666666666666667;0.058823529411764705;0.0;0.9440000000000001;0.13917525773195877;0.666583489348906;6
0.006467930441890594;0.8710630752562301;6.64578279769331e-05;0.000312132129989655;0.8596942986006789;0.2;0.29411764705882354;0.3333333333333333;0.892;0.1134020618556701;0.1925250280724913;2
0.018454276407576253;0.8307574391832561;0.0005353547253697388;0.01015767131594906;0.13451145892583186;0.06666666666666667;0.11764705882352941;0.16666666666666666;0.7120000000000001;0.0;0.7562868225145929;9
0.0;0.0;0.033382639671362686;0.11984090179431384;0.02495684169707097;0.13333333333333333;0.23529411764705882;0.3333333333333333;0.888;0.14432989690721648;0.7105381767366302;7
0.24040286347496456;0.03985932575060032;0.0;0.0;0.00478892988961205;0.4666666666666667;0.47058823529411764;0.16666666666666666;0.948;0.20618556701030927;0.3081946129408457;3
0.0031025720659385407;0.27907500367025156;0.0023750282361857506;0.16592944030250062;0.40403132019133475;0.06666666666666667;0.058823529411764705;0.0;0.9079999999999999;0.07216494845360824;0.8093465494611347;6
0.014410066028479959;0.603838726633863;0.0011009175543653562;0.00996147397709842;0.09301049976068086;0.06666666666666667;0.058823529411764705;0.0;0.992;0.12886597938144329;0.5555519881163966;6
0.01107737932905062;0.8958670799557016;0.004188857036121843;0.2838797131951628;0.10286046392451982;0.13333333333333333;0.11764705882352941;0.0;0.7879999999999999;0.37628865979381443;0.6892892565965608;9
0.006972096090621324;0.193084905408227;0.0;0.0;0.3987488902165655;0.2;0.1764705882352941;0.0;0.96;0.22164948453608246;0.29768976884541065;4
0.01148012031391933;0.5635807360413271;0.000985455469395331;0.0246495202083259;0.11596897318063032;0.13333333333333333;0.1764705882352941;0.16666666666666666;0.932;0.020618556701030927;0.690710879799397;9
0.005867599100622623;0.017295967914061502;0.0;0.0;0.5421293886164881;0.13333333333333333;0.1764705882352941;0.16666666666666666;0.8959999999999999;0.08762886597938144;0.7513110299849405;4
0.0025793069230770327;0.6267060316466686;0.0013298278507303482;0.040702029750651014;0.0851597111926576;0.3333333333333333;0.29411764705882354;0.0;0.892;0.03608247422680412;0.6624566327643812;0
0.02359296153346775;0.2603728665574063;0.0050645563956764825;0.1298648021974102;0.09106267846271156;0.2;0.1764705882352941;0.0;0.892;0.24742268041237114;0.7606985638536753;0
0.036278788328125734;0.8880299755923432;0.0;0.0;0.1816971311721121;0.13333333333333333;0.11764705882352941;0.0;0.9159999999999999;0.12371134020618557;0.7937396059600457;9
0.008969308387444478;0.1288877724265921;0.006840457243282305;0.017613170192273393;0.011504363754699114;0.4;0.4117647058823529;0.16666666666666666;1.0;0.10309278350515463;0.14743060246282363;3
0.0;0.08145322976316324;4.061311709701467e-05;0.0004815752862697535;0.2479811178617545;0.13333333333333333;0.11764705882352941;0.0;0.804;0.041237113402061855;0.5690645974540454;6
0.01904188348877466;0.686758232499872;0.00023830837304859848;0.0021314165447865016;0.09255529070736533;0.0;0.0;0.0;0.9;0.030927835051546393;0.6971298915586523;6
0.02846720081203539;0.15360846338677248;0.00022320432123565913;0.001961973388506403;0.01816705943471139;0.2;0.1764705882352941;0.0;0.9640000000000001;0.09278350515463918;0.6750389607321644;7
0.010271228720104168;0.32124933422219926;0.0007317073989379502;0.03931973031783969;0.40475593449345015;0.2;0.23529411764705882;0.16666666666666666;0.8759999999999999;0.02577319587628866;0.7223900012294378;4
0.00540326401664305;0.020834748817288112;0.0;0.0;0.05249084174906303;0.13333333333333333;0.11764705882352941;0.0;0.932;0.03608247422680412;0.8375802082058537;7
0.004052922803911646;0.12069487640646168;0.05932334519169224;0.04920985980808333;0.03451847411944944;0.06666666666666667;0.058823529411764705;0.0;0.956;0.31443298969072164;0.7120595541314491;7
0.0037444672089836065;0.4025851275601217;0.0;0.0;0.023325403432879352;0.06666666666666667;0.11764705882352941;0.16666666666666666;0.86;0.12886597938144329;0.7667378581700464;0
0.0129792012409901;0.7887882785920336;0.0;0.0;0.03974284873658719;0.13333333333333333;0.11764705882352941;0.0;0.912;0.020618556701030927;0.5645645502779184;9
0.011135069596793997;0.03278290666095438;0.075605177400445;0.0463560803338922;0.06487582886136045;0.06666666666666667;0.058823529411764705;0.0;0.76;0.08762886597938144;0.538577218134584;7
0.019491700479969593;0.8851257550162241;0.05236641892665238;0.022125708985838117;0.2779274473051843;0.13333333333333333;0.11764705882352941;0.0;0.9520000000000001;0.12371134020618557;0.7175597797472426;9
0.012535895114703313;0.5211045306978282;0.0003181920248592554;0.007972746406021474;0.4530868217598895;0.06666666666666667;0.058823529411764705;0.0;0.9279999999999999;0.015463917525773196;0.6779908669078694;8
0.007385252189091343;0.3648838670466427;0.0;0.0;0.34304676494124126;0.26666666666666666;0.23529411764705882;0.0;0.9159999999999999;0.041237113402061855;0.7936836179970106;6
0.011879377046662075;0.16362718070071397;0.00208771560614406;0.17759426390325686;0.8822000066362233;0.13333333333333333;0.11764705882352941;0.0;0.972;0.3556701030927835;0.8955766603173007;4
0.009321324019820873;0.3634662396908545;0.0006816962051573289;0.013314664859272999;0.5617550127699685;0.06666666666666667;0.058823529411764705;0.0;0.828;0.061855670103092786;0.8614937827581717;4
0.004246689622404796;0.17697781231321913;0.00025139855128647926;0.09804516106017908;0.024031752959307373;0.06666666666666667;0.058823529411764705;0.0;0.848;0.28865979381443296;0.5120978762399332;7
0.002666191042032672;0.2019366648241165;0.0;0.0;0.2998337834821071;0.06666666666666667;0.058823529411764705;0.0;0.9359999999999999;0.04639175257731959;0.8209550759052883;6
0.0;0.0591842900068059;0.044782842334173456;0.012940106303285412;0.10273787837050584;0.13333333333333333;0.23529411764705882;0.3333333333333333;0.92;0.15979381443298968;0.7522441002068755;7
0.001293709616780237;0.2340647637655734;0.001576191718079181;0.02017265365818856;0.17141250765234864;0.4;0.4117647058823529;0.16666666666666666;0.988;0.23711340206185566;0.14120157246260295;3
0.06545883540838211;0.8997815474089935;0.0010324458528133647;0.07764955588056932;0.13954441603606363;0.3333333333333333;0.3529411764705882;0.16666666666666666;0.88;0.32989690721649484;0.5808772374034468;9
0.01376183312721999;0.22782348472846187;0.0007635937305430444;0.03384404095173545;0.14633570296334772;0.4666666666666667;0.4117647058823529;0.0;0.956;0.020618556701030927;0.7270200112557118;0
0.007923160789372618;0.5061735914659585;0.00043499669221265297;0.009132094317411622;0.12682465689586;0.26666666666666666;0.23529411764705882;0.0;0.8440000000000001;0.20618556701030927;0.47713583064177834;0
0.027917140105195717;0.46724610285148566;0.0016305663046057624;0.05898405450718795;0.1341843471134741;0.6;0.6470588235294118;0.3333333333333333;0.976;0.0979381443298969;0.42593175664917476;1
0.012906353203655433;0.8863928923789317;0.002235064022719179;0.11480219741019512;0.39731627494432853;0.13333333333333333;0.1764705882352941;0.16666666666666666;0.84;0.041237113402061855;0.7422057560688116;8
0.008534804077134304;0.40919770046642245;0.0008884538921966763;0.015856312203474474;0.260438261654551;0.06666666666666667;0.058823529411764705;0.0;0.8240000000000001;0.005154639175257732;0.77797162382857;6
0.019332682367922613;0.6161291533398123;0.0011979191315640112;0.03112403239039703;0.11640630488309392;0.0;0.0;0.0;0.9440000000000001;0.0;0.7284664060269584;6
0.0007390890425996682;0.23737995178897167;0.0005974491606007117;0.007170120928905219;0.5275857099284997;0.13333333333333333;0.23529411764705882;0.3333333333333333;0.848;0.10824742268041238;0.49933221054305144;4
0.002754349506693408;0.07269834949083254;0.00012519580724947499;0.0005261655905539899;0.015293763067451694;0.3333333333333333;0.3529411764705882;0.16666666666666666;0.848;0.19072164948453607;0.6824977690355214;0
0.005130226935882128;0.8736426984075953;0.0001963526735682114;0.0007134448685477829;0.17836749673175178;0.2;0.29411764705882354;0.3333333333333333;0.9840000000000001;0.04639175257731959;0.6819690823640799;9
0.0003338605462658676;0.6994106757639839;0.0008579101429749545;0.05600542218100096;0.5561496227115912;0.0;0.0;0.0;0.0;0.0;0.45819398251966337;5
0.0003338605462658676;0.6994106757639839;0.0008579101429749545;0.05600542218100096;0.5561496227115912;0.0;0.0;0.0;0.0;0.0;0.45819398251966337;5
0.0003338605462658676;0.6994106757639839;0.0008579101429749545;0.05600542218100096;0.5561496227115912;0.4;0.47058823529411764;0.3333333333333333;0.948;0.12886597938144329;0.45819398251966337;2
0.0003338605462658676;0.6994106757639839;0.0008579101429749545;0.05600542218100096;0.5561496227115912;0.4;0.47058823529411764;0.3333333333333333;0.948;0.12886597938144329;0.45819398251966337;2
0.007368798957115405;0.635143151427021;0.0;0.0;0.5909968501673087;0.0;0.058823529411764705;0.16666666666666666;0.368;0.0;0.5978809973853687;5
0.010191902786590304;0.08194306791185356;1.0;0.010523311811079798;0.045984474473752264;0.13333333333333333;0.11764705882352941;0.0;0.8959999999999999;0.02577319587628866;0.6640696321522853;0
0.03291787872741781;0.5181266688023206;0.0007948087709564524;0.060999536260835444;0.05176352056209346;0.0;0.0;0.0;0.568;0.04639175257731959;0.4288019892999013;6
0.005721026642019343;0.552170131551883;0.0015855897947627876;0.027753005386508756;0.5493936543681016;0.0;0.058823529411764705;0.16666666666666666;0.8959999999999999;0.05670103092783505;0.8210152705821615;8
0.010093224960372687;0.28527062826570065;0.00012821661761206284;0.0023722041879213783;0.17227410437553248;0.06666666666666667;0.058823529411764705;0.0;0.968;0.005154639175257732;0.3385394327043674;3
0.011156650175574349;0.5978191850143738;0.00032389799998858805;0.003674241073021082;0.18457238083743757;0.0;0.0;0.0;0.6759999999999999;0.05154639175257732;0.8692202271175492;6
0.013158715469298024;0.08882720843580666;0.0006659208621527034;0.04286911853886491;0.25554447340635256;0.3333333333333333;0.4117647058823529;0.3333333333333333;0.9159999999999999;0.20103092783505155;0.8227346799098543;0
0.0019741313487478818;0.5977313236495512;0.0020383757035551246;0.055969749937573574;0.11358515480291173;0.26666666666666666;0.3529411764705882;0.3333333333333333;0.972;0.18041237113402062;0.7660458596022488;0
0.020663472206273865;0.676496573592706;0.0;0.0;0.06659712558168582;0.4666666666666667;0.4117647058823529;0.0;0.868;0.30927835051546393;0.6512065909901902;2
0.0054268363239772886;0.6203320386416468;0.0016342584061600366;0.032203117754075555;0.03592338476610853;0.13333333333333333;0.1764705882352941;0.16666666666666666;0.9159999999999999;0.07216494845360824;0.6690001468482942;9
0.024244183822058986;0.4040991382365828;0.00042291345076230153;0.0007847893554025613;0.21516417349336786;0.13333333333333333;0.11764705882352941;0.0;0.772;0.07731958762886598;0.6736337894129827;6
0.005427164258498859;0.5804450901332409;0.002007831954333403;0.05676345735383298;0.4756573050697379;0.3333333333333333;0.29411764705882354;0.0;0.8759999999999999;0.22164948453608246;0.8206046062555675;8
0.008752446348337703;0.6379882722393004;0.2520409769569229;0.13747190810830093;0.22212361607513406;0.0;0.0;0.0;0.048;0.0;5.243744968055459e-05;5
0.00649821785332215;0.8090118675982458;0.00014801970776680552;0.004182570541861378;0.4017210094438015;0.3333333333333333;0.29411764705882354;0.0;0.9359999999999999;0.21649484536082475;0.6175078367915022;8
0.15007443588643923;0.7460191852467902;0.00035410610361446675;0.003165911604180787;0.16644667712002137;0.0;0.058823529411764705;0.16666666666666666;0.68;0.010309278350515464;0.32104719004873894;9
0.026636206163009168;0.08639396924426136;0.00040210342382002954;0.015820639960047088;0.14897977645399707;0.4;0.4117647058823529;0.16666666666666666;0.9279999999999999;0.07731958762886598;0.8350599530544801;0
0.04475570123693295;0.3020253590164424;0.00033329607667219476;0.004200406663575072;0.22577395388411908;0.2;0.1764705882352941;0.0;0.912;0.02577319587628866;0.8202675184086486;6
0.0017693415400638084;0.14151581190803886;0.12712509813438108;0.03198016623265437;0.08734552105458196;0.4;0.4117647058823529;0.16666666666666666;0.872;0.14432989690721648;0.6605687791150887;0
0.0004084673609582623;0.6375615469209212;0.10655069440039097;0.2201244961295616;0.09853545679724923;0.13333333333333333;0.11764705882352941;0.0;0.3;0.0;0.2057620214874724;5
0.021704211096565947;0.7145896697625895;0.0008840904994507161;0.021911675525273785;0.10715877347693074;0.0;0.058823529411764705;0.16666666666666666;0.98;0.0;0.4146324998384123;9
0.00021424791102951242;0.03517063473463984;0.026797608726516976;0.0966361074447972;0.12006046619518645;0.2;0.23529411764705882;0.16666666666666666;0.696;0.27835051546391754;0.5903024910823541;7
0.0003338605462658676;0.0025243892566026768;0.0;0.0;0.11667407911494126;0.06666666666666667;0.058823529411764705;0.0;0.9840000000000001;0.11855670103092783;0.21186856463595857;3
0.008428114933248491;0.28795031079960365;0.0024310810506915476;0.24658438269182748;0.11733422345407868;0.4666666666666667;0.4117647058823529;0.0;0.972;0.13917525773195877;0.31349278739577674;0
0.024154834977620533;0.49301721396345666;0.029425713741968423;0.0331930225091856;0.0618540723592018;0.4666666666666667;0.5882352941176471;0.5;0.9840000000000001;0.12371134020618557;0.1461678969566499;1
0.0008539940772034015;0.10833377169757752;0.19262801439114058;0.06950736631826775;0.15290439533848954;0.3333333333333333;0.4117647058823529;0.3333333333333333;0.868;0.20618556701030927;0.24876165593692992;3
0.005199177735595096;0.3945952942534514;0.009704185467015604;0.13356579745300182;0.14553861352528707;0.5333333333333333;0.5294117647058824;0.16666666666666666;0.956;0.24742268041237114;0.638338511145776;0
0.12178460099356167;0.9443045251198208;0.0007672858320973185;0.0060464452609424605;0.4240736841965853;0.06666666666666667;0.058823529411764705;0.0;0.652;0.005154639175257732;0.7032508945535968;9
0.023618053490543457;0.8427435081096093;0.0;0.0;0.060628122901173684;0.0;0.058823529411764705;0.16666666666666666;0.8240000000000001;0.16494845360824742;0.7007000909259516;9
0.011368348393612029;0.13299403036992652;0.001089169958510848;0.007883565797453002;0.035732250272653386;0.06666666666666667;0.11764705882352941;0.16666666666666666;0.956;0.1134020618556701;0.7168379826465893;7
0.0;0.018289279340803474;0.0;0.0;0.16595720375151904;0.2;0.1764705882352941;0.0;0.8959999999999999;0.24742268041237114;0.8862504577584293;7
0.009873640205045978;0.7738118437367688;0.0011922131564346785;0.0172564477579995;0.05316903880848865;0.13333333333333333;0.11764705882352941;0.0;0.8640000000000001;0.015463917525773196;0.7768431230399834;9
0.012332722109179668;0.21830865129589883;0.07726494487188912;0.17817393785895194;0.043592662535661915;0.4;0.3529411764705882;0.0;0.9359999999999999;0.42783505154639173;0.5239413458943855;0
0.0003366442755006324;0.3833752910538448;0.002362944994735399;0.17891413691007027;0.27673615930255785;0.06666666666666667;0.058823529411764705;0.0;0.94;0.10309278350515463;0.7272538412687579;6
0.024737693977595093;0.4205448318792424;0.00028798392123337676;0.011762922270181572;0.5249554955951434;0.06666666666666667;0.11764705882352941;0.16666666666666666;0.956;0.11855670103092783;0.5106606214040514;4
0.058145167677922945;0.5367978441001143;0.0;0.0;0.07383763352290568;0.4;0.4117647058823529;0.16666666666666666;0.836;0.015463917525773196;0.7193689127737557;0
0.013112004873339692;0.4165291623266023;0.0;0.0;0.7288076556462019;0.26666666666666666;0.3529411764705882;0.3333333333333333;0.94;0.05670103092783505;0.5035033489426249;4
0.028181444061787422;0.13680643578105858;3.692101554274061e-06;0.0;0.19072031464874387;0.06666666666666667;0.058823529411764705;0.0;0.932;0.030927835051546393;0.7190185954562903;7
0.0010126653916079469;0.3373165097012788;0.0;0.0;0.12023422859273875;0.2;0.23529411764705882;0.16666666666666666;0.888;0.07216494845360824;0.4260973066579087;0
0.004323349011735633;0.33876069069677445;0.0;0.0;0.15095897411783074;0.4;0.4117647058823529;0.16666666666666666;0.8320000000000001;0.21649484536082475;0.6092135212172826;0
0.0011281481718869932;0.25897779914292385;0.0018843143750631435;0.04543752006563693;0.520846819379291;0.06666666666666667;0.058823529411764705;0.0;0.968;0.061855670103092786;0.4534729715471951;4
0.016169692560507976;0.4060768866351329;0.04834437775166455;0.17027253593978525;0.044669995437927185;0.2;0.1764705882352941;0.0;0.972;0.0979381443298969;0.6571055872987323;0
0.003905897546942493;0.19110834620987963;0.0018470577139245597;0.04901366246923269;0.18384609960459875;0.06666666666666667;0.1764705882352941;0.3333333333333333;0.9279999999999999;0.2268041237113402;0.7982506562122045;7
0.0029569749809211766;0.3212673775269053;0.0;0.0;0.030791620194504328;0.2;0.29411764705882354;0.3333333333333333;0.98;0.20618556701030927;0.6641346077184339;0
0.0032352752897288435;0.7898892029530902;0.0015110764724856202;0.03180180501551742;0.29127787431054736;0.2;0.1764705882352941;0.0;0.988;0.020618556701030927;0.7334062715799157;9
0.001940894112459793;0.5346073450737477;0.0004692325429886488;0.020761245674740483;0.11953787061814469;0.2;0.1764705882352941;0.0;0.924;0.14432989690721648;0.5069185912519207;0
0.007363097203241141;0.5586544064128489;0.0;0.0;0.5519389932845364;0.0;0.0;0.0;0.23199999999999998;0.005154639175257732;0.1702279799856977;5
0.0010433142070808362;0.6426410625794337;0.0;0.0;0.9984221516526743;0.26666666666666666;0.23529411764705882;0.0;0.976;0.15979381443298968;0.8776191012087537;4
0.0008039299355229667;0.1351432095312655;0.034457041223656434;0.13562586951093353;0.13412840933757766;0.13333333333333333;0.1764705882352941;0.16666666666666666;0.9;0.422680412371134;0.5582267433290088;7
0.01125400916916908;0.4495504009773908;0.011343478557113287;0.12547711625584132;0.04626757155736368;0.5333333333333333;0.47058823529411764;0.0;0.888;0.2422680412371134;0.5257642356954042;0
0.005199600152651258;0.6285339408196651;0.005738868397725263;0.11520351014875325;0.0740841525353449;0.13333333333333333;0.11764705882352941;0.0;0.992;0.1958762886597938;0.7120768731371834;6
0.010294000680243868;0.0757016959079505;0.00031416427770913826;0.0028983697784753684;0.13690114318372035;0.2;0.1764705882352941;0.0;0.7440000000000001;0.05154639175257732;0.7681283118497207;7
0.0040048618255088065;0.45171324625702136;0.019631239609671024;0.01871009167766561;0.14886483776223713;0.0;0.0;0.0;0.852;0.06701030927835051;0.319501896489717;3
0.011264404668463297;0.595012254185152;0.0006407474424644711;0.009248029108550637;0.03147944398092176;0.26666666666666666;0.3529411764705882;0.3333333333333333;0.82;0.06701030927835051;0.6402778179440177;0
0.0027476951652155098;0.6544283878744964;0.0002765719709747115;0.0018192844147968464;0.0892484608839642;0.06666666666666667;0.058823529411764705;0.0;0.8240000000000001;0.13402061855670103;0.707307139278506;6
0.00484097792085508;0.16170039747176812;0.00039505486630732453;0.0005172475296971427;0.1771127538733858;0.3333333333333333;0.3529411764705882;0.16666666666666666;0.848;0.17010309278350516;0.5880907907745526;0
0.016950775333803195;0.7940878388978464;0.0010190200289796408;0.017577497948846003;0.045187359138762026;0.13333333333333333;0.1764705882352941;0.16666666666666666;0.812;0.04639175257731959;0.5815088303727851;9
0.011977247097288;0.5769679655805954;0.00048601482278080367;0.011789676452752113;0.161481619525496;0.6;0.5882352941176471;0.16666666666666666;0.956;0.07731958762886598;0.9260294602146347;2
0.004754466807594756;0.8366738651369493;0.05237011102820665;0.24581742945813861;0.016501707308873917;0.4666666666666667;0.5294117647058824;0.3333333333333333;0.924;0.4484536082474227;0.8609008821818747;2
0.0006129014412302895;0.8622749632296904;0.002494518068305893;0.10770342096814468;0.5161245291363985;0.4666666666666667;0.47058823529411764;0.16666666666666666;0.852;0.07731958762886598;0.6089574975663163;8
0.23530759023590403;0.8554454949261445;9.330947564438081e-05;0.005315164270680983;0.20559486456889736;0.2;0.1764705882352941;0.0;0.828;0.18041237113402062;0.7538669426020971;9
0.03269030185140432;0.27453114716759247;0.00015473261968366745;0.0041558163592908355;0.17188707706860396;0.0;0.0;0.0;0.9159999999999999;0.14432989690721648;0.7867721160539309;6
0.014202505344192151;0.5947742165901564;0.00524748324541097;0.113874719081083;0.45532295170636033;0.13333333333333333;0.11764705882352941;0.0;0.968;0.04639175257731959;0.778428913543382;8
0.004862717751116002;0.5390681783583381;0.5702118561436402;0.07410908572040095;0.40686274173886583;0.0;0.0;0.0;0.804;0.07216494845360824;0.779669987869196;8
0.0063669097492895545;0.41633116630325784;0.013697025475165079;0.22138194271037703;0.11971426153951903;0.26666666666666666;0.23529411764705882;0.0;0.956;0.15463917525773196;0.771592007534307;0
0.002852885525643999;0.6198795925110585;0.0034259345967704853;0.03815146434559269;0.05321766180682855;0.2;0.1764705882352941;0.0;0.88;0.05670103092783505;0.6834793043506124;9
0.04306980797347802;0.856541240262212;0.15056658654806296;0.025131095494595655;0.5457108890926935;0.0;0.0;0.0;0.048;0.010309278350515464;4.487942620704449e-06;5
0.004414469987953659;0.46909864435050547;0.002925822658964272;0.014554275318374771;0.2828486272013276;0.4;0.4117647058823529;0.16666666666666666;0.948;0.07216494845360824;0.5079342607102358;9
0.016945422046874097;0.48570155645776264;0.004949094310706457;0.12100024970570399;0.08884324690911027;0.13333333333333333;0.23529411764705882;0.3333333333333333;0.9;0.27835051546391754;0.6401950898111126;0
0.006617669066984385;0.46217961029095683;0.0012435669325986723;0.04132629401063033;0.07427609350345579;0.3333333333333333;0.5882352941176471;0.8333333333333333;0.94;0.12886597938144329;0.46027300143244004;1
0.005510735228858491;0.3619280615223262;8.089058859818624e-05;0.0;0.03671959600042329;0.06666666666666667;0.058823529411764705;0.0;0.996;0.005154639175257732;0.21934531299193077;3
9.496563080368726e-05;0.9178409663588049;0.000553143941949423;0.0011771840331038419;0.043760627503696095;0.2;0.23529411764705882;0.16666666666666666;0.736;0.05154639175257732;0.5632306118652397;9
0.005362491130500058;0.5704138881539781;0.0003712240290024647;0.0018817108407947775;0.3949840676284361;0.4;0.5294117647058824;0.5;0.9640000000000001;0.27835051546391754;0.6044235506042832;2
0.0;0.13698559828197374;0.0029801972454908533;0.01565119680376699;0.26424980075820154;0.0;0.0;0.0;0.9159999999999999;0.15979381443298968;0.741546169117958;6
0.001994983694211692;0.409075077268961;0.004608749676521557;0.005163557236114579;0.08191785483854494;0.4666666666666667;0.4117647058823529;0.0;0.86;0.16494845360824742;0.6310345310039055;0
0.002882807777103077;0.539632796669615;0.0004725889989470798;0.07207576784503977;0.5613746417522805;0.3333333333333333;0.29411764705882354;0.0;0.904;0.30412371134020616;0.5488332099129584;8
0.006098092081577477;0.9220340049280086;0.2772738059156194;0.03273820140548639;0.07321181968791625;0.06666666666666667;0.11764705882352941;0.16666666666666666;0.9520000000000001;0.005154639175257732;0.40846362936146596;9
0.0011241875842266415;0.4410879399992329;0.01503792963055825;0.3213266507330646;0.09591757011684851;0.06666666666666667;0.058823529411764705;0.0;0.9440000000000001;0.04639175257731959;0.6271316262715114;0
0.12371211806511884;0.38954949455117754;0.0;0.0;0.6181573500110578;0.2;0.1764705882352941;0.0;0.8;0.015463917525773196;0.9405436892894432;4
0.006836083223770751;0.8664691793782593;0.0013070039502130176;0.016284379124603145;0.09668418567452554;0.2;0.1764705882352941;0.0;0.8959999999999999;0.015463917525773196;0.7355250140579234;9
0.0;0.7523080361656314;0.0016651378009776014;0.07822031177540756;0.5174281086575924;0.06666666666666667;0.1764705882352941;0.3333333333333333;0.74;0.08762886597938144;0.8870474249685123;8
0.00012799044831921435;0.026473889695677072;6.947863833952096e-05;0.00016052509542325115;0.028109109777545542;0.06666666666666667;0.058823529411764705;0.0;0.9;0.05154639175257732;0.7589672960457412;7
0.00038393962820574775;0.7553150818863114;0.0008871113098133039;0.010068490707380588;0.10686566334901498;0.4666666666666667;0.5294117647058824;0.3333333333333333;0.892;0.11855670103092783;0.7017664987433996;2
0.006009489832785617;0.4335860428956523;0.054730035212579464;0.3948293083151999;0.01969808879042357;0.3333333333333333;0.29411764705882354;0.0;0.92;0.38144329896907214;0.7186674110167539;0
0.003445329411506438;0.06398947615924742;0.00026952341346200647;0.004004209324724432;0.017871456054233584;0.26666666666666666;0.29411764705882354;0.16666666666666666;0.88;0.16494845360824742;0.645027268176906;0
0.006269290928724693;0.6808463812870245;0.0006504811647439209;0.02101095137873221;0.07195425296903699;0.4;0.47058823529411764;0.3333333333333333;0.9359999999999999;0.07731958762886598;0.7074500738061505;2
0.01065517477512543;0.5897241636571896;0.002714701579178964;0.1019155994720508;0.2473443081310945;0.26666666666666666;0.29411764705882354;0.16666666666666666;0.8240000000000001;0.061855670103092786;0.7562416735774736;9
0.014801757397779182;0.535558716856855;1.3425823833723858e-06;0.0;0.3904674677413013;0.2;0.1764705882352941;0.0;0.94;0.10824742268041238;0.8895205508634352;8
0.004014673068847058;0.18598227743072332;0.0021763260434466375;0.005448935183533692;0.6579910546454352;0.3333333333333333;0.29411764705882354;0.0;0.816;0.08762886597938144;0.26722446598521504;4
0.0028516716086977763;0.2815717004439553;0.0008243455833906449;0.01663218349802019;0.07190879190344299;0.2;0.4117647058823529;0.6666666666666666;0.9279999999999999;0.04639175257731959;0.7391362376735675;1
0.018221745708777264;0.3372564105444489;0.0012677334154993752;0.018772518103663538;0.45895406182013615;0.3333333333333333;0.4117647058823529;0.3333333333333333;0.924;0.030927835051546393;0.8991131356666852;4
0.0023370238238610733;0.3273617341715323;7.014992953120715e-05;0.00041914886027182247;0.035558737940107776;0.0;0.0;0.0;0.9;0.015463917525773196;0.8303060500325695;6
0.00391661856026932;0.4973175207151318;0.00017352877305088087;0.009693932151393001;0.030788093736559143;0.4666666666666667;0.47058823529411764;0.16666666666666666;0.9;0.06701030927835051;0.7174013893545437;0
0.00015441050264796379;0.0106365629867441;0.0038924819749923895;0.00011593479113901472;0.03976311821916748;0.0;0.0;0.0;0.988;0.015463917525773196;0.7548675194491969;7
0.01499117902126268;0.16182373728824395;0.0;0.0;0.25625556782393705;0.06666666666666667;0.11764705882352941;0.16666666666666666;0.9279999999999999;0.12886597938144329;0.3218437940049814;3
0.0014334054662469423;0.2493386652370441;0.0;0.0;0.08812435920390115;0.06666666666666667;0.058823529411764705;0.0;0.96;0.13402061855670103;0.8400265119058435;6
0.0027930037972749336;0.025980518808924977;0.017306222567265897;0.007464416937181179;0.03261524312360386;0.3333333333333333;0.29411764705882354;0.0;0.988;0.14948453608247422;0.3474446006253689;3
0.011844844681849882;0.36666418496982656;0.013339227269996338;0.11514108372275532;0.07013540833141281;0.06666666666666667;0.11764705882352941;0.16666666666666666;0.88;0.10309278350515463;0.8108457332180349;0
0.007831527838006894;0.5553870962868678;5.269635854736614e-05;0.0;0.5489682547431864;0.2;0.23529411764705882;0.16666666666666666;0.904;0.09278350515463918;0.8229115493770007;8
0.004566689781162162;0.3889634202792336;0.13037549008452565;0.2461384796489851;0.11251735814519821;0.3333333333333333;0.3529411764705882;0.16666666666666666;0.88;0.27835051546391754;0.7540591507556437;0
0.003534142994024083;0.10926364878385877;0.019645001079100593;0.05142153890058145;0.04905306495032769;0.6;0.5882352941176471;0.16666666666666666;0.972;0.15979381443298968;0.1600426820920032;1
0.05135605395896416;0.952842014172013;0.21599163302658683;0.032657938857774765;0.07486723942625147;0.06666666666666667;0.11764705882352941;0.16666666666666666;0.792;0.06701030927835051;0.5843520416248598;9
0.008514626714229909;0.6150007146822062;9.330947564438081e-05;0.000900724146541576;0.041490479315984756;0.13333333333333333;0.11764705882352941;0.0;0.9159999999999999;0.005154639175257732;0.7390184145324398;9
0.0041178852220737855;0.07730149943813197;0.20970465537084979;0.0310616059643991;0.4008044997459328;0.0;0.0;0.0;0.9840000000000001;0.06701030927835051;0.4053742491836066;3
8.251271589310695e-05;0.4343234283673447;0.0010589618548849692;0.1844611707630293;0.25806669797395737;0.4;0.4117647058823529;0.16666666666666666;0.94;0.15463917525773196;0.7675316264027511;0
2.0943823253486973e-05;0.430847620844239;0.09232402017498548;0.16839974315984732;0.1441518428104376;0.26666666666666666;0.23529411764705882;0.0;0.968;0.03608247422680412;0.1005773720604739;3
0.0007856930535786034;0.37127215369579786;0.0007864176310603749;0.08057467984161523;0.2784478869966369;0.06666666666666667;0.058823529411764705;0.0;0.9359999999999999;0.07731958762886598;0.591194689388202;6
0.02071959107589111;0.14391366561472163;0.0;0.0;0.35761457015567527;0.06666666666666667;0.058823529411764705;0.0;0.9079999999999999;0.020618556701030927;0.6036551398332766;6
0.01227164031907705;0.46413848643091593;0.002077310592672924;0.13679413548318053;0.024070191350910382;0.0;0.0;0.0;0.728;0.015463917525773196;0.5880182689028053;6
0.001272899588140666;0.3943926034071554;0.0020658986424142585;0.04329718545999358;0.10278163013407861;0.0;0.0;0.0;0.7879999999999999;0.07731958762886598;0.7789636583514665;6
0.0025206471243073006;0.011870999280669455;3.3564559584309645e-06;0.00016052509542325115;0.37103697222326193;0.26666666666666666;0.29411764705882354;0.16666666666666666;0.9640000000000001;0.0979381443298969;0.8837541890784528;4
0.014147506576707635;0.6189360996634987;0.0006514881015314502;0.13757892483858308;0.04236560693505658;0.26666666666666666;0.29411764705882354;0.16666666666666666;0.94;0.07731958762886598;0.636271385866838;9
0.011078192112550506;0.5753356275471448;0.0017597898590053546;0.08162701102272321;0.07528418682336678;0.0;0.0;0.0;0.812;0.005154639175257732;0.6780236183429245;6
0.0004026119477675783;0.34782367453566;0.0025603046050911397;0.15824207184389827;0.5066583608337509;0.13333333333333333;0.1764705882352941;0.16666666666666666;0.9840000000000001;0.4175257731958763;0.9200292332630096;0
0.02596592636325085;0.3407444044644205;0.001009286306700191;0.028118645881639495;0.5365543769140921;0.2;0.23529411764705882;0.16666666666666666;0.828;0.05154639175257732;0.928340469435517;4
0.018345511819604577;0.20355670025221123;0.0001490266445543348;0.0024524667356330037;0.0932734982663429;0.2;0.1764705882352941;0.0;0.8320000000000001;0.07731958762886598;0.8039882623543926;7
0.0028040259528144913;0.009814511883673755;0.0013009623294878419;0.006296150964934184;0.10729602639308672;0.06666666666666667;0.058823529411764705;0.0;0.948;0.08762886597938144;0.7135792558714513;7
0.01807854858029673;0.639369828480144;0.010610428575791964;0.044688402953661756;0.519497470209703;0.06666666666666667;0.11764705882352941;0.16666666666666666;0.856;0.17525773195876287;1.0;8
0.15895363522898143;0.26308474658995895;0.0006951220289910528;0.0072949737809010805;0.1634048144916769;0.06666666666666667;0.058823529411764705;0.0;0.7240000000000001;0.005154639175257732;0.5909399547024805;6
0.0022924738064279025;0.10008453392842412;0.0;0.0;0.038299789267571;0.0;0.0;0.0;0.828;0.03608247422680412;0.6392150895364478;7
0.0010418301969526845;0.1922315709799515;0.002655292308714736;0.023713123818356937;0.12374614557843652;0.4;0.5294117647058824;0.5;0.98;0.20103092783505155;0.5758584988954526;1
0.0029088298696606776;0.26196305577193996;0.005472701440221687;0.2768968715442514;0.018849221081967897;0.2;0.1764705882352941;0.0;0.8759999999999999;0.10309278350515463;0.6662666382563098;0
6.570283738862052e-05;0.3057541059364332;0.12058907144652847;0.1453911461491813;0.43359002128642765;0.13333333333333333;0.23529411764705882;0.3333333333333333;0.924;0.08247422680412371;0.15937359195194473;3
0.003407046874643179;0.10624637284254099;0.0007605729201804565;0.03384404095173545;0.0318724625693786;0.26666666666666666;0.3529411764705882;0.3333333333333333;0.992;0.10824742268041238;0.36952746956014826;3
8.134720872609281e-05;0.37260638209273605;0.00033329607667219476;0.0030232226304712302;0.01776594248223616;0.06666666666666667;0.058823529411764705;0.0;0.92;0.08762886597938144;0.7869699487830849;6
0.04166523745835611;0.576993155707367;0.0007850750486770026;0.031632361859237325;0.006324702324756458;0.26666666666666666;0.3529411764705882;0.3333333333333333;0.912;0.08247422680412371;0.8199409532052663;0
0.020026777859353397;0.4990725245558222;0.0020716046175435912;0.08133271501444725;0.8334077968200111;0.06666666666666667;0.058823529411764705;0.0;0.14400000000000002;0.0;0.0;5
0.10984648093338872;0.2270362303205758;4.061311709701467e-05;8.026254771162558e-05;0.14641721881404168;0.06666666666666667;0.058823529411764705;0.0;0.68;0.17010309278350516;0.7282901693245676;6
9.598490705143694e-05;0.2741082644765758;0.0007780264911642975;0.009141012378268469;0.3100395256107418;0.3333333333333333;0.4117647058823529;0.3333333333333333;0.988;1.0;0.40126782855712423;0
0.0;0.30580670577211444;0.0008558962693998959;0.005957264652373988;0.47415116176236655;0.2;0.23529411764705882;0.16666666666666666;0.8759999999999999;0.44329896907216493;0.7007717105220289;0
0.012446677560924683;0.038354999114878684;0.00048567917718496053;0.0034334534298862056;0.033607788320362;0.13333333333333333;0.1764705882352941;0.16666666666666666;0.9359999999999999;0.10309278350515463;0.567587771385187;7
0.004893434256814647;0.3687853695061954;0.004698702696207507;0.0624620982413584;0.22348944785297845;0.13333333333333333;0.11764705882352941;0.0;0.9279999999999999;0.07731958762886598;0.8799786106763917;6
0.02751934810213458;0.8897486913955743;0.014496868930059179;0.033005743231191806;0.5062912923362197;0.26666666666666666;0.23529411764705882;0.0;0.852;0.04639175257731959;0.0;2
0.006516957863109736;0.3464873776276199;0.00608760417180624;0.24665572717868225;0.452033644376517;0.5333333333333333;0.5294117647058824;0.16666666666666666;0.94;0.34536082474226804;0.8775283229020103;0
0.006561390445095758;0.38439890965448537;0.026643547398024995;0.3073698854920986;0.08993547493402837;0.3333333333333333;0.29411764705882354;0.0;0.816;0.07731958762886598;0.7459841819122741;0
0.0009598490705143694;0.3424475715718401;0.002054486692155593;0.03559198087967752;0.4430913594070176;0.13333333333333333;0.23529411764705882;0.3333333333333333;0.948;0.07731958762886598;0.8065383160386226;4
